timestamp,deployment_mode,rps_target,rps_actual,latency_ms,is_cold_start,status_code,error
1787684422.1320546,serverless,5.0,5.0,52.942,False,200,
1787684422.3320546,serverless,5.0,5.0,37.643,False,200,
1787684422.5320547,serverless,5.0,5.0,43.952,False,200,
1787684422.7320545,serverless,5.0,5.0,47.11,False,200,
1787684422.9320545,serverless,5.0,5.0,46.03,False,200,
1787684423.1320546,serverless,5.0,5.0,62.543,False,200,
1787684423.3320546,serverless,5.0,5.0,46.975,False,200,
1787684423.5320547,serverless,5.0,5.0,66.292,False,200,
1787684423.7320545,serverless,5.0,5.0,41.386,False,200,
1787684423.9320545,serverless,5.0,5.0,51.349,False,200,
1787684424.1320546,serverless,5.0,5.0,47.412,False,200,
1787684424.3320546,serverless,5.0,5.0,35.534,False,200,
1787684424.5320547,serverless,5.0,5.0,50.398,False,200,
1787684424.7320545,serverless,5.0,5.0,46.504,False,200,
1787684424.9320545,serverless,5.0,5.0,61.802,False,200,
1787684425.1320546,serverless,5.0,5.0,40.016,False,200,
1787684425.3320546,serverless,5.0,5.0,42.474,False,200,
1787684425.5320547,serverless,5.0,5.0,37.724,False,200,
1787684425.7320545,serverless,5.0,5.0,48.104,False,200,
1787684425.9320545,serverless,5.0,5.0,53.815,False,200,
1787684426.1320546,serverless,5.0,5.0,41.359,False,200,
1787684426.3320546,serverless,5.0,5.0,47.266,False,200,
1787684426.5320547,serverless,5.0,5.0,54.944,False,200,
1787684426.7320545,serverless,5.0,5.0,1201.915,True,200,
1787684426.9320545,serverless,5.0,5.0,58.319,False,200,
1787684427.1320546,serverless,5.0,5.0,51.162,False,200,
1787684427.3320546,serverless,5.0,5.0,45.595,False,200,
1787684427.5320547,serverless,5.0,5.0,46.739,False,200,
1787684427.7320545,serverless,5.0,5.0,34.381,False,200,
1787684427.9320545,serverless,5.0,5.0,37.476,False,200,
1787684428.1320546,serverless,5.0,5.0,40.324,False,200,
1787684428.3320546,serverless,5.0,5.0,37.662,False,200,
1787684428.5320547,serverless,5.0,5.0,57.599,False,200,
1787684428.7320545,serverless,5.0,5.0,52.179,False,200,
1787684428.9320545,serverless,5.0,5.0,65.25,False,200,
1787684429.1320546,serverless,5.0,5.0,48.721,False,200,
1787684429.3320546,serverless,5.0,5.0,50.569,False,200,
1787684429.5320547,serverless,5.0,5.0,50.268,False,200,
1787684429.7320545,serverless,5.0,5.0,62.797,False,200,
1787684429.9320545,serverless,5.0,5.0,43.789,False,200,
1787684430.1320546,serverless,5.0,5.0,49.396,False,200,
1787684430.3320546,serverless,5.0,5.0,61.088,False,200,
1787684430.5320547,serverless,5.0,5.0,45.435,False,200,
1787684430.7320545,serverless,5.0,5.0,47.764,False,200,
1787684430.9320545,serverless,5.0,5.0,58.032,False,200,
1787684431.1320546,serverless,5.0,5.0,44.631,False,200,
1787684431.3320546,serverless,5.0,5.0,57.614,False,200,
1787684431.5320547,serverless,5.0,5.0,48.36,False,200,
1787684431.7320545,serverless,5.0,5.0,40.154,False,200,
1787684431.9320545,serverless,5.0,5.0,49.955,False,200,
1787684432.1320546,serverless,5.0,5.0,40.522,False,200,
1787684432.3320546,serverless,5.0,5.0,60.877,False,200,
1787684432.5320547,serverless,5.0,5.0,43.776,False,200,
1787684432.7320545,serverless,5.0,5.0,47.843,False,200,
1787684432.9320545,serverless,5.0,5.0,39.319,False,200,
1787684433.1320546,serverless,5.0,5.0,51.055,False,200,
1787684433.3320546,serverless,5.0,5.0,50.923,False,200,
1787684433.5320547,serverless,5.0,5.0,56.186,False,200,
1787684433.7320545,serverless,5.0,5.0,48.004,False,200,
1787684433.9320545,serverless,5.0,5.0,55.036,False,200,
1787684434.1320546,serverless,5.0,5.0,51.831,False,200,
1787684434.3320546,serverless,5.0,5.0,60.658,False,200,
1787684434.5320547,serverless,5.0,5.0,45.881,False,200,
1787684434.7320545,serverless,5.0,5.0,54.813,False,200,
1787684434.9320545,serverless,5.0,5.0,54.922,False,200,
1787684435.1320546,serverless,5.0,5.0,57.717,False,200,
1787684435.3320546,serverless,5.0,5.0,37.963,False,200,
1787684435.5320547,serverless,5.0,5.0,54.817,False,200,
1787684435.7320545,serverless,5.0,5.0,41.837,False,200,
1787684435.9320545,serverless,5.0,5.0,47.103,False,200,
1787684436.1320546,serverless,5.0,5.0,59.847,False,200,
1787684436.3320546,serverless,5.0,5.0,70.305,False,200,
1787684436.5320547,serverless,5.0,5.0,44.125,False,200,
1787684436.7320545,serverless,5.0,5.0,50.008,False,200,
1787684436.9320545,serverless,5.0,5.0,74.498,False,200,
1787684437.1320546,serverless,5.0,5.0,61.344,False,200,
1787684437.3320546,serverless,5.0,5.0,1306.093,True,200,
1787684437.5320547,serverless,5.0,5.0,54.064,False,200,
1787684437.7320545,serverless,5.0,5.0,67.899,False,200,
1787684437.9320545,serverless,5.0,5.0,62.286,False,200,
1787684438.1320546,serverless,5.0,5.0,55.084,False,200,
1787684438.3320546,serverless,5.0,5.0,42.0,False,200,
1787684438.5320547,serverless,5.0,5.0,43.964,False,200,
1787684438.7320545,serverless,5.0,5.0,58.307,False,200,
1787684438.9320545,serverless,5.0,5.0,42.356,False,200,
1787684439.1320546,serverless,5.0,5.0,50.794,False,200,
1787684439.3320546,serverless,5.0,5.0,48.622,False,200,
1787684439.5320547,serverless,5.0,5.0,42.15,False,200,
1787684439.7320545,serverless,5.0,5.0,52.898,False,200,
1787684439.9320545,serverless,5.0,5.0,57.636,False,200,
1787684440.1320546,serverless,5.0,5.0,34.866,False,200,
1787684440.3320546,serverless,5.0,5.0,44.727,False,200,
1787684440.5320547,serverless,5.0,5.0,57.395,False,200,
1787684440.7320545,serverless,5.0,5.0,57.649,False,200,
1787684440.9320545,serverless,5.0,5.0,64.684,False,200,
1787684441.1320546,serverless,5.0,5.0,62.074,False,200,
1787684441.3320546,serverless,5.0,5.0,57.635,False,200,
1787684441.5320547,serverless,5.0,5.0,58.331,False,200,
1787684441.7320545,serverless,5.0,5.0,45.391,False,200,
1787684441.9320545,serverless,5.0,5.0,889.85,True,200,
1787684442.1320546,serverless,5.0,5.0,36.301,False,200,
1787684442.3320546,serverless,5.0,5.0,45.574,False,200,
1787684442.5320547,serverless,5.0,5.0,72.863,False,200,
1787684442.7320545,serverless,5.0,5.0,73.942,False,200,
1787684442.9320545,serverless,5.0,5.0,46.226,False,200,
1787684443.1320546,serverless,5.0,5.0,835.721,True,200,
1787684443.3320546,serverless,5.0,5.0,64.312,False,200,
1787684443.5320547,serverless,5.0,5.0,54.369,False,200,
1787684443.7320545,serverless,5.0,5.0,47.395,False,200,
1787684443.9320545,serverless,5.0,5.0,45.231,False,200,
1787684444.1320546,serverless,5.0,5.0,57.612,False,200,
1787684444.3320546,serverless,5.0,5.0,48.586,False,200,
1787684444.5320547,serverless,5.0,5.0,59.171,False,200,
1787684444.7320545,serverless,5.0,5.0,53.121,False,200,
1787684444.9320545,serverless,5.0,5.0,44.491,False,200,
1787684445.1320546,serverless,5.0,5.0,48.781,False,200,
1787684445.3320546,serverless,5.0,5.0,42.98,False,200,
1787684445.5320547,serverless,5.0,5.0,42.345,False,200,
1787684445.7320545,serverless,5.0,5.0,42.699,False,200,
1787684445.9320545,serverless,5.0,5.0,48.855,False,200,
1787684446.1320546,serverless,5.0,5.0,38.658,False,200,
1787684446.3320546,serverless,5.0,5.0,60.357,False,200,
1787684446.5320547,serverless,5.0,5.0,50.998,False,200,
1787684446.7320545,serverless,5.0,5.0,53.047,False,200,
1787684446.9320545,serverless,5.0,5.0,43.014,False,200,
1787684447.1320546,serverless,5.0,5.0,61.534,False,200,
1787684447.3320546,serverless,5.0,5.0,52.824,False,200,
1787684447.5320547,serverless,5.0,5.0,62.004,False,200,
1787684447.7320545,serverless,5.0,5.0,43.885,False,200,
1787684447.9320545,serverless,5.0,5.0,67.849,False,200,
1787684448.1320546,serverless,5.0,5.0,37.145,False,200,
1787684448.3320546,serverless,5.0,5.0,56.562,False,200,
1787684448.5320547,serverless,5.0,5.0,47.113,False,200,
1787684448.7320545,serverless,5.0,5.0,64.596,False,200,
1787684448.9320545,serverless,5.0,5.0,45.328,False,200,
1787684449.1320546,serverless,5.0,5.0,50.853,False,200,
1787684449.3320546,serverless,5.0,5.0,44.823,False,200,
1787684449.5320547,serverless,5.0,5.0,46.29,False,200,
1787684449.7320545,serverless,5.0,5.0,48.426,False,200,
1787684449.9320545,serverless,5.0,5.0,66.559,False,200,
1787684450.1320546,serverless,5.0,5.0,37.266,False,200,
1787684450.3320546,serverless,5.0,5.0,69.096,False,200,
1787684450.5320547,serverless,5.0,5.0,51.744,False,200,
1787684450.7320545,serverless,5.0,5.0,50.693,False,200,
1787684450.9320545,serverless,5.0,5.0,49.251,False,200,
1787684451.1320546,serverless,5.0,5.0,60.851,False,200,
1787684451.3320546,serverless,5.0,5.0,44.202,False,200,
1787684451.5320547,serverless,5.0,5.0,1165.589,True,200,
1787684451.7320545,serverless,5.0,5.0,52.148,False,200,
1787684451.9320545,serverless,5.0,5.0,52.873,False,200,
1787684452.1320546,serverless,5.0,5.0,57.767,False,200,
1787684452.3320546,serverless,5.0,5.0,55.812,False,200,
1787684452.5320547,serverless,5.0,5.0,55.261,False,200,
1787684452.7320545,serverless,5.0,5.0,41.004,False,200,
1787684452.9320545,serverless,5.0,5.0,59.16,False,200,
1787684453.1320546,serverless,5.0,5.0,967.134,True,200,
1787684453.3320546,serverless,5.0,5.0,56.388,False,200,
1787684453.5320547,serverless,5.0,5.0,63.228,False,200,
1787684453.7320545,serverless,5.0,5.0,47.426,False,200,
1787684453.9320545,serverless,5.0,5.0,49.027,False,200,
1787684454.1320546,serverless,5.0,5.0,59.651,False,200,
1787684454.3320546,serverless,5.0,5.0,43.948,False,200,
1787684454.5320547,serverless,5.0,5.0,71.121,False,200,
1787684454.7320545,serverless,5.0,5.0,66.593,False,200,
1787684454.9320545,serverless,5.0,5.0,36.872,False,200,
1787684455.1320546,serverless,5.0,5.0,50.625,False,200,
1787684455.3320546,serverless,5.0,5.0,41.344,False,200,
1787684455.5320547,serverless,5.0,5.0,32.311,False,200,
1787684455.7320545,serverless,5.0,5.0,43.249,False,200,
1787684455.9320545,serverless,5.0,5.0,49.863,False,200,
1787684456.1320546,serverless,5.0,5.0,51.208,False,200,
1787684456.3320546,serverless,5.0,5.0,51.666,False,200,
1787684456.5320547,serverless,5.0,5.0,49.418,False,200,
1787684456.7320545,serverless,5.0,5.0,53.463,False,200,
1787684456.9320545,serverless,5.0,5.0,61.021,False,200,
1787684457.1320546,serverless,5.0,5.0,37.99,False,200,
1787684457.3320546,serverless,5.0,5.0,41.669,False,200,
1787684457.5320547,serverless,5.0,5.0,50.616,False,200,
1787684457.7320545,serverless,5.0,5.0,43.761,False,200,
1787684457.9320545,serverless,5.0,5.0,73.651,False,200,
1787684458.1320546,serverless,5.0,5.0,43.712,False,200,
1787684458.3320546,serverless,5.0,5.0,45.495,False,200,
1787684458.5320547,serverless,5.0,5.0,61.645,False,200,
1787684458.7320545,serverless,5.0,5.0,39.688,False,200,
1787684458.9320545,serverless,5.0,5.0,60.529,False,200,
1787684459.1320546,serverless,5.0,5.0,42.179,False,200,
1787684459.3320546,serverless,5.0,5.0,46.57,False,200,
1787684459.5320547,serverless,5.0,5.0,52.1,False,200,
1787684459.7320545,serverless,5.0,5.0,33.037,False,200,
1787684459.9320545,serverless,5.0,5.0,44.81,False,200,
1787684460.1320546,serverless,5.0,5.0,58.116,False,200,
1787684460.3320546,serverless,5.0,5.0,42.219,False,200,
1787684460.5320547,serverless,5.0,5.0,54.941,False,200,
1787684460.7320545,serverless,5.0,5.0,44.689,False,200,
1787684460.9320545,serverless,5.0,5.0,50.09,False,200,
1787684461.1320546,serverless,5.0,5.0,41.638,False,200,
1787684461.3320546,serverless,5.0,5.0,48.276,False,200,
1787684461.5320547,serverless,5.0,5.0,50.835,False,200,
1787684461.7320545,serverless,5.0,5.0,56.43,False,200,
1787684461.9320545,serverless,5.0,5.0,49.263,False,200,
1787684462.1320546,serverless,5.0,5.0,51.343,False,200,
1787684462.3320546,serverless,5.0,5.0,1302.57,True,200,
1787684462.5320547,serverless,5.0,5.0,51.843,False,200,
1787684462.7320545,serverless,5.0,5.0,60.994,False,200,
1787684462.9320545,serverless,5.0,5.0,37.565,False,200,
1787684463.1320546,serverless,5.0,5.0,25.711,False,200,
1787684463.3320546,serverless,5.0,5.0,62.891,False,200,
1787684463.5320547,serverless,5.0,5.0,42.471,False,200,
1787684463.7320545,serverless,5.0,5.0,79.001,False,200,
1787684463.9320545,serverless,5.0,5.0,53.759,False,200,
1787684464.1320546,serverless,5.0,5.0,49.862,False,200,
1787684464.3320546,serverless,5.0,5.0,58.464,False,200,
1787684464.5320547,serverless,5.0,5.0,39.046,False,200,
1787684464.7320545,serverless,5.0,5.0,51.224,False,200,
1787684464.9320545,serverless,5.0,5.0,49.072,False,200,
1787684465.1320546,serverless,5.0,5.0,45.352,False,200,
1787684465.3320546,serverless,5.0,5.0,53.279,False,200,
1787684465.5320547,serverless,5.0,5.0,46.306,False,200,
1787684465.7320545,serverless,5.0,5.0,36.426,False,200,
1787684465.9320545,serverless,5.0,5.0,62.119,False,200,
1787684466.1320546,serverless,5.0,5.0,40.226,False,200,
1787684466.3320546,serverless,5.0,5.0,51.133,False,200,
1787684466.5320547,serverless,5.0,5.0,57.616,False,200,
1787684466.7320545,serverless,5.0,5.0,51.807,False,200,
1787684466.9320545,serverless,5.0,5.0,62.336,False,200,
1787684467.1320546,serverless,5.0,5.0,38.659,False,200,
1787684467.3320546,serverless,5.0,5.0,38.95,False,200,
1787684467.5320547,serverless,5.0,5.0,57.047,False,200,
1787684467.7320545,serverless,5.0,5.0,52.215,False,200,
1787684467.9320545,serverless,5.0,5.0,70.65,False,200,
1787684468.1320546,serverless,5.0,5.0,65.722,False,200,
1787684468.3320546,serverless,5.0,5.0,63.677,False,200,
1787684468.5320547,serverless,5.0,5.0,73.25,False,200,
1787684468.7320545,serverless,5.0,5.0,50.228,False,200,
1787684468.9320545,serverless,5.0,5.0,33.484,False,200,
1787684469.1320546,serverless,5.0,5.0,45.074,False,200,
1787684469.3320546,serverless,5.0,5.0,65.9,False,200,
1787684469.5320547,serverless,5.0,5.0,50.897,False,200,
1787684469.7320545,serverless,5.0,5.0,49.508,False,200,
1787684469.9320545,serverless,5.0,5.0,52.4,False,200,
1787684470.1320546,serverless,5.0,5.0,42.48,False,200,
1787684470.3320546,serverless,5.0,5.0,54.025,False,200,
1787684470.5320547,serverless,5.0,5.0,68.018,False,200,
1787684470.7320545,serverless,5.0,5.0,57.003,False,200,
1787684470.9320545,serverless,5.0,5.0,38.922,False,200,
1787684471.1320546,serverless,5.0,5.0,57.953,False,200,
1787684471.3320546,serverless,5.0,5.0,47.413,False,200,
1787684471.5320547,serverless,5.0,5.0,45.098,False,200,
1787684471.7320545,serverless,5.0,5.0,27.04,False,200,
1787684471.9320545,serverless,5.0,5.0,55.703,False,200,
1787684472.1320546,serverless,5.0,5.0,48.6,False,200,
1787684472.3320546,serverless,5.0,5.0,36.248,False,200,
1787684472.5320547,serverless,5.0,5.0,40.125,False,200,
1787684472.7320545,serverless,5.0,5.0,57.151,False,200,
1787684472.9320545,serverless,5.0,5.0,71.905,False,200,
1787684473.1320546,serverless,5.0,5.0,64.262,False,200,
1787684473.3320546,serverless,5.0,5.0,48.775,False,200,
1787684473.5320547,serverless,5.0,5.0,37.51,False,200,
1787684473.7320545,serverless,5.0,5.0,49.963,False,200,
1787684473.9320545,serverless,5.0,5.0,59.928,False,200,
1787684474.1320546,serverless,5.0,5.0,51.315,False,200,
1787684474.3320546,serverless,5.0,5.0,31.497,False,200,
1787684474.5320547,serverless,5.0,5.0,56.093,False,200,
1787684474.7320545,serverless,5.0,5.0,56.156,False,200,
1787684474.9320545,serverless,5.0,5.0,53.223,False,200,
1787684475.1320546,serverless,5.0,5.0,56.441,False,200,
1787684475.3320546,serverless,5.0,5.0,34.958,False,200,
1787684475.5320547,serverless,5.0,5.0,41.441,False,200,
1787684475.7320545,serverless,5.0,5.0,58.987,False,200,
1787684475.9320545,serverless,5.0,5.0,37.513,False,200,
1787684476.1320546,serverless,5.0,5.0,39.794,False,200,
1787684476.3320546,serverless,5.0,5.0,38.567,False,200,
1787684476.5320547,serverless,5.0,5.0,39.949,False,200,
1787684476.7320545,serverless,5.0,5.0,52.639,False,200,
1787684476.9320545,serverless,5.0,5.0,38.537,False,200,
1787684477.1320546,serverless,5.0,5.0,56.296,False,200,
1787684477.3320546,serverless,5.0,5.0,52.618,False,200,
1787684477.5320547,serverless,5.0,5.0,42.519,False,200,
1787684477.7320545,serverless,5.0,5.0,60.084,False,200,
1787684477.9320545,serverless,5.0,5.0,60.623,False,200,
1787684478.1320546,serverless,5.0,5.0,38.456,False,200,
1787684478.3320546,serverless,5.0,5.0,53.04,False,200,
1787684478.5320547,serverless,5.0,5.0,63.966,False,200,
1787684478.7320545,serverless,5.0,5.0,46.731,False,200,
1787684478.9320545,serverless,5.0,5.0,53.095,False,200,
1787684479.1320546,serverless,5.0,5.0,40.364,False,200,
1787684479.3320546,serverless,5.0,5.0,48.255,False,200,
1787684479.5320547,serverless,5.0,5.0,58.688,False,200,
1787684479.7320545,serverless,5.0,5.0,48.512,False,200,
1787684479.9320545,serverless,5.0,5.0,71.006,False,200,
1787684480.1320546,serverless,5.0,5.0,49.444,False,200,
1787684480.3320546,serverless,5.0,5.0,49.114,False,200,
1787684480.5320547,serverless,5.0,5.0,60.676,False,200,
1787684480.7320545,serverless,5.0,5.0,58.145,False,200,
1787684480.9320545,serverless,5.0,5.0,62.756,False,200,
1787684481.1320546,serverless,5.0,5.0,62.467,False,200,
1787684481.3320546,serverless,5.0,5.0,51.871,False,200,
1787684481.5320547,serverless,5.0,5.0,56.883,False,200,
1787684481.7320545,serverless,5.0,5.0,34.096,False,200,
1787684481.9320545,serverless,5.0,5.0,38.435,False,200,
1787684482.1320546,serverless,5.0,5.0,72.892,False,200,
1787684482.3320546,serverless,5.0,5.0,47.948,False,200,
1787684482.5320547,serverless,5.0,5.0,56.774,False,200,
1787684482.7320545,serverless,5.0,5.0,33.57,False,200,
1787684482.9320545,serverless,5.0,5.0,34.923,False,200,
1787684483.1320546,serverless,5.0,5.0,62.558,False,200,
1787684483.3320546,serverless,5.0,5.0,43.232,False,200,
1787684483.5320547,serverless,5.0,5.0,42.354,False,200,
1787684483.7320545,serverless,5.0,5.0,44.136,False,200,
1787684483.9320545,serverless,5.0,5.0,43.527,False,200,
1787684484.1320546,serverless,5.0,5.0,50.294,False,200,
1787684484.3320546,serverless,5.0,5.0,72.703,False,200,
1787684484.5320547,serverless,5.0,5.0,38.317,False,200,
1787684484.7320545,serverless,5.0,5.0,62.622,False,200,
1787684484.9320545,serverless,5.0,5.0,56.337,False,200,
1787684485.1320546,serverless,5.0,5.0,39.734,False,200,
1787684485.3320546,serverless,5.0,5.0,43.747,False,200,
1787684485.5320547,serverless,5.0,5.0,43.981,False,200,
1787684485.7320545,serverless,5.0,5.0,47.443,False,200,
1787684485.9320545,serverless,5.0,5.0,52.756,False,200,
1787684486.1320546,serverless,5.0,5.0,42.842,False,200,
1787684486.3320546,serverless,5.0,5.0,47.392,False,200,
1787684486.5320547,serverless,5.0,5.0,57.153,False,200,
1787684486.7320545,serverless,5.0,5.0,55.942,False,200,
1787684486.9320545,serverless,5.0,5.0,51.641,False,200,
1787684487.1320546,serverless,5.0,5.0,53.286,False,200,
1787684487.3320546,serverless,5.0,5.0,57.766,False,200,
1787684487.5320547,serverless,5.0,5.0,1989.383,True,200,
1787684487.7320545,serverless,5.0,5.0,51.535,False,200,
1787684487.9320545,serverless,5.0,5.0,55.233,False,200,
1787684488.1320546,serverless,5.0,5.0,43.5,False,200,
1787684488.3320546,serverless,5.0,5.0,41.816,False,200,
1787684488.5320547,serverless,5.0,5.0,42.953,False,200,
1787684488.7320545,serverless,5.0,5.0,54.296,False,200,
1787684488.9320545,serverless,5.0,5.0,38.567,False,200,
1787684489.1320546,serverless,5.0,5.0,40.109,False,200,
1787684489.3320546,serverless,5.0,5.0,42.858,False,200,
1787684489.5320547,serverless,5.0,5.0,61.004,False,200,
1787684489.7320545,serverless,5.0,5.0,1364.593,True,200,
1787684489.9320545,serverless,5.0,5.0,43.394,False,200,
1787684490.1320546,serverless,5.0,5.0,46.097,False,200,
1787684490.3320546,serverless,5.0,5.0,48.803,False,200,
1787684490.5320547,serverless,5.0,5.0,70.799,False,200,
1787684490.7320545,serverless,5.0,5.0,61.31,False,200,
1787684490.9320545,serverless,5.0,5.0,52.435,False,200,
1787684491.1320546,serverless,5.0,5.0,68.066,False,200,
1787684491.3320546,serverless,5.0,5.0,45.896,False,200,
1787684491.5320547,serverless,5.0,5.0,48.488,False,200,
1787684491.7320545,serverless,5.0,5.0,56.405,False,200,
1787684491.9320545,serverless,5.0,5.0,58.54,False,200,
1787684492.1320546,serverless,5.0,5.0,44.052,False,200,
1787684492.3320546,serverless,5.0,5.0,62.192,False,200,
1787684492.5320547,serverless,5.0,5.0,35.726,False,200,
1787684492.7320545,serverless,5.0,5.0,44.773,False,200,
1787684492.9320545,serverless,5.0,5.0,52.26,False,200,
1787684493.1320546,serverless,5.0,5.0,39.81,False,200,
1787684493.3320546,serverless,5.0,5.0,47.432,False,200,
1787684493.5320547,serverless,5.0,5.0,36.832,False,200,
1787684493.7320545,serverless,5.0,5.0,54.427,False,200,
1787684493.9320545,serverless,5.0,5.0,51.484,False,200,
1787684494.1320546,serverless,5.0,5.0,71.495,False,200,
1787684494.3320546,serverless,5.0,5.0,69.206,False,200,
1787684494.5320547,serverless,5.0,5.0,47.518,False,200,
1787684494.7320545,serverless,5.0,5.0,58.518,False,200,
1787684494.9320545,serverless,5.0,5.0,48.114,False,200,
1787684495.1320546,serverless,5.0,5.0,54.766,False,200,
1787684495.3320546,serverless,5.0,5.0,54.348,False,200,
1787684495.5320547,serverless,5.0,5.0,62.81,False,200,
1787684495.7320545,serverless,5.0,5.0,53.682,False,200,
1787684495.9320545,serverless,5.0,5.0,49.601,False,200,
1787684496.1320546,serverless,5.0,5.0,53.592,False,200,
1787684496.3320546,serverless,5.0,5.0,66.442,False,200,
1787684496.5320547,serverless,5.0,5.0,48.708,False,200,
1787684496.7320545,serverless,5.0,5.0,35.623,False,200,
1787684496.9320545,serverless,5.0,5.0,38.758,False,200,
1787684497.1320546,serverless,5.0,5.0,47.273,False,200,
1787684497.3320546,serverless,5.0,5.0,51.247,False,200,
1787684497.5320547,serverless,5.0,5.0,60.036,False,200,
1787684497.7320545,serverless,5.0,5.0,54.384,False,200,
1787684497.9320545,serverless,5.0,5.0,40.037,False,200,
1787684498.1320546,serverless,5.0,5.0,49.748,False,200,
1787684498.3320546,serverless,5.0,5.0,42.393,False,200,
1787684498.5320547,serverless,5.0,5.0,41.204,False,200,
1787684498.7320545,serverless,5.0,5.0,32.104,False,200,
1787684498.9320545,serverless,5.0,5.0,46.191,False,200,
1787684499.1320546,serverless,5.0,5.0,45.851,False,200,
1787684499.3320546,serverless,5.0,5.0,48.694,False,200,
1787684499.5320547,serverless,5.0,5.0,60.69,False,200,
1787684499.7320545,serverless,5.0,5.0,28.913,False,200,
1787684499.9320545,serverless,5.0,5.0,54.854,False,200,
1787684500.1320546,serverless,5.0,5.0,55.845,False,200,
1787684500.3320546,serverless,5.0,5.0,44.156,False,200,
1787684500.5320547,serverless,5.0,5.0,58.59,False,200,
1787684500.7320545,serverless,5.0,5.0,40.22,False,200,
1787684500.9320545,serverless,5.0,5.0,58.029,False,200,
1787684501.1320546,serverless,5.0,5.0,49.128,False,200,
1787684501.3320546,serverless,5.0,5.0,55.192,False,200,
1787684501.5320547,serverless,5.0,5.0,52.687,False,200,
1787684501.7320545,serverless,5.0,5.0,49.631,False,200,
1787684501.9320545,serverless,5.0,5.0,52.392,False,200,
1787684502.1320546,serverless,5.0,5.0,69.666,False,200,
1787684502.3320546,serverless,5.0,5.0,49.752,False,200,
1787684502.5320547,serverless,5.0,5.0,59.319,False,200,
1787684502.7320545,serverless,5.0,5.0,38.092,False,200,
1787684502.9320545,serverless,5.0,5.0,40.618,False,200,
1787684503.1320546,serverless,5.0,5.0,42.882,False,200,
1787684503.3320546,serverless,5.0,5.0,46.844,False,200,
1787684503.5320547,serverless,5.0,5.0,46.256,False,200,
1787684503.7320545,serverless,5.0,5.0,61.148,False,200,
1787684503.9320545,serverless,5.0,5.0,53.411,False,200,
1787684504.1320546,serverless,5.0,5.0,42.938,False,200,
1787684504.3320546,serverless,5.0,5.0,50.961,False,200,
1787684504.5320547,serverless,5.0,5.0,42.196,False,200,
1787684504.7320545,serverless,5.0,5.0,37.26,False,200,
1787684504.9320545,serverless,5.0,5.0,52.197,False,200,
1787684505.1320546,serverless,5.0,5.0,42.677,False,200,
1787684505.3320546,serverless,5.0,5.0,55.571,False,200,
1787684505.5320547,serverless,5.0,5.0,51.18,False,200,
1787684505.7320545,serverless,5.0,5.0,45.572,False,200,
1787684505.9320545,serverless,5.0,5.0,35.862,False,200,
1787684506.1320546,serverless,5.0,5.0,42.673,False,200,
1787684506.3320546,serverless,5.0,5.0,45.668,False,200,
1787684506.5320547,serverless,5.0,5.0,44.904,False,200,
1787684506.7320545,serverless,5.0,5.0,55.195,False,200,
1787684506.9320545,serverless,5.0,5.0,38.563,False,200,
1787684507.1320546,serverless,5.0,5.0,58.656,False,200,
1787684507.3320546,serverless,5.0,5.0,57.839,False,200,
1787684507.5320547,serverless,5.0,5.0,56.342,False,200,
1787684507.7320545,serverless,5.0,5.0,36.288,False,200,
1787684507.9320545,serverless,5.0,5.0,55.273,False,200,
1787684508.1320546,serverless,5.0,5.0,40.128,False,200,
1787684508.3320546,serverless,5.0,5.0,59.377,False,200,
1787684508.5320547,serverless,5.0,5.0,34.254,False,200,
1787684508.7320545,serverless,5.0,5.0,48.724,False,200,
1787684508.9320545,serverless,5.0,5.0,67.322,False,200,
1787684509.1320546,serverless,5.0,5.0,52.717,False,200,
1787684509.3320546,serverless,5.0,5.0,47.227,False,200,
1787684509.5320547,serverless,5.0,5.0,53.318,False,200,
1787684509.7320545,serverless,5.0,5.0,53.519,False,200,
1787684509.9320545,serverless,5.0,5.0,44.452,False,200,
1787684510.1320546,serverless,5.0,5.0,47.265,False,200,
1787684510.3320546,serverless,5.0,5.0,59.136,False,200,
1787684510.5320547,serverless,5.0,5.0,46.851,False,200,
1787684510.7320545,serverless,5.0,5.0,54.121,False,200,
1787684510.9320545,serverless,5.0,5.0,56.491,False,200,
1787684511.1320546,serverless,5.0,5.0,60.124,False,200,
1787684511.3320546,serverless,5.0,5.0,40.168,False,200,
1787684511.5320547,serverless,5.0,5.0,39.225,False,200,
1787684511.7320545,serverless,5.0,5.0,65.391,False,200,
1787684511.9320545,serverless,5.0,5.0,51.232,False,200,
1787684512.1320546,serverless,5.0,5.0,44.527,False,200,
1787684512.3320546,serverless,5.0,5.0,47.25,False,200,
1787684512.5320547,serverless,5.0,5.0,37.431,False,200,
1787684512.7320545,serverless,5.0,5.0,61.017,False,200,
1787684512.9320545,serverless,5.0,5.0,44.499,False,200,
1787684513.1320546,serverless,5.0,5.0,50.6,False,200,
1787684513.3320546,serverless,5.0,5.0,43.133,False,200,
1787684513.5320547,serverless,5.0,5.0,54.015,False,200,
1787684513.7320545,serverless,5.0,5.0,43.054,False,200,
1787684513.9320545,serverless,5.0,5.0,51.485,False,200,
1787684514.1320546,serverless,5.0,5.0,41.44,False,200,
1787684514.3320546,serverless,5.0,5.0,47.277,False,200,
1787684514.5320547,serverless,5.0,5.0,60.817,False,200,
1787684514.7320545,serverless,5.0,5.0,72.227,False,200,
1787684514.9320545,serverless,5.0,5.0,63.691,False,200,
1787684515.1320546,serverless,5.0,5.0,49.196,False,200,
1787684515.3320546,serverless,5.0,5.0,74.941,False,200,
1787684515.5320547,serverless,5.0,5.0,47.315,False,200,
1787684515.7320545,serverless,5.0,5.0,41.162,False,200,
1787684515.9320545,serverless,5.0,5.0,43.872,False,200,
1787684516.1320546,serverless,5.0,5.0,39.701,False,200,
1787684516.3320546,serverless,5.0,5.0,54.862,False,200,
1787684516.5320547,serverless,5.0,5.0,49.321,False,200,
1787684516.7320545,serverless,5.0,5.0,54.443,False,200,
1787684516.9320545,serverless,5.0,5.0,47.059,False,200,
1787684517.1320546,serverless,5.0,5.0,39.143,False,200,
1787684517.3320546,serverless,5.0,5.0,45.869,False,200,
1787684517.5320547,serverless,5.0,5.0,40.934,False,200,
1787684517.7320545,serverless,5.0,5.0,43.111,False,200,
1787684517.9320545,serverless,5.0,5.0,41.159,False,200,
1787684518.1320546,serverless,5.0,5.0,38.963,False,200,
1787684518.3320546,serverless,5.0,5.0,58.765,False,200,
1787684518.5320547,serverless,5.0,5.0,57.247,False,200,
1787684518.7320545,serverless,5.0,5.0,43.808,False,200,
1787684518.9320545,serverless,5.0,5.0,52.179,False,200,
1787684519.1320546,serverless,5.0,5.0,75.5,False,200,
1787684519.3320546,serverless,5.0,5.0,1394.231,True,200,
1787684519.5320547,serverless,5.0,5.0,56.943,False,200,
1787684519.7320545,serverless,5.0,5.0,43.575,False,200,
1787684519.9320545,serverless,5.0,5.0,66.231,False,200,
1787684520.1320546,serverless,5.0,5.0,50.983,False,200,
1787684520.3320546,serverless,5.0,5.0,48.298,False,200,
1787684520.5320547,serverless,5.0,5.0,49.541,False,200,
1787684520.7320545,serverless,5.0,5.0,56.361,False,200,
1787684520.9320545,serverless,5.0,5.0,60.891,False,200,
1787684521.1320546,serverless,5.0,5.0,52.833,False,200,
1787684521.3320546,serverless,5.0,5.0,42.158,False,200,
1787684521.5320547,serverless,5.0,5.0,48.28,False,200,
1787684521.7320545,serverless,5.0,5.0,57.896,False,200,
1787684521.9320545,serverless,5.0,5.0,51.561,False,200,
1787684522.1320546,serverless,5.0,5.0,45.557,False,200,
1787684522.3320546,serverless,5.0,5.0,40.106,False,200,
1787684522.5320547,serverless,5.0,5.0,44.708,False,200,
1787684522.7320545,serverless,5.0,5.0,63.133,False,200,
1787684522.9320545,serverless,5.0,5.0,59.439,False,200,
1787684523.1320546,serverless,5.0,5.0,39.124,False,200,
1787684523.3320546,serverless,5.0,5.0,44.208,False,200,
1787684523.5320547,serverless,5.0,5.0,62.185,False,200,
1787684523.7320545,serverless,5.0,5.0,52.797,False,200,
1787684523.9320545,serverless,5.0,5.0,49.066,False,200,
1787684524.1320546,serverless,5.0,5.0,49.016,False,200,
1787684524.3320546,serverless,5.0,5.0,54.881,False,200,
1787684524.5320547,serverless,5.0,5.0,61.663,False,200,
1787684524.7320545,serverless,5.0,5.0,39.823,False,200,
1787684524.9320545,serverless,5.0,5.0,40.446,False,200,
1787684525.1320546,serverless,5.0,5.0,55.013,False,200,
1787684525.3320546,serverless,5.0,5.0,40.78,False,200,
1787684525.5320547,serverless,5.0,5.0,47.57,False,200,
1787684525.7320545,serverless,5.0,5.0,37.766,False,200,
1787684525.9320545,serverless,5.0,5.0,38.573,False,200,
1787684526.1320546,serverless,5.0,5.0,42.097,False,200,
1787684526.3320546,serverless,5.0,5.0,43.172,False,200,
1787684526.5320547,serverless,5.0,5.0,45.565,False,200,
1787684526.7320545,serverless,5.0,5.0,46.337,False,200,
1787684526.9320545,serverless,5.0,5.0,51.368,False,200,
1787684527.1320546,serverless,5.0,5.0,45.801,False,200,
1787684527.3320546,serverless,5.0,5.0,50.564,False,200,
1787684527.5320547,serverless,5.0,5.0,48.84,False,200,
1787684527.7320545,serverless,5.0,5.0,55.953,False,200,
1787684527.9320545,serverless,5.0,5.0,65.152,False,200,
1787684528.1320546,serverless,5.0,5.0,46.348,False,200,
1787684528.3320546,serverless,5.0,5.0,32.74,False,200,
1787684528.5320547,serverless,5.0,5.0,48.145,False,200,
1787684528.7320545,serverless,5.0,5.0,64.061,False,200,
1787684528.9320545,serverless,5.0,5.0,39.312,False,200,
1787684529.1320546,serverless,5.0,5.0,47.284,False,200,
1787684529.3320546,serverless,5.0,5.0,37.151,False,200,
1787684529.5320547,serverless,5.0,5.0,47.935,False,200,
1787684529.7320545,serverless,5.0,5.0,53.1,False,200,
1787684529.9320545,serverless,5.0,5.0,55.172,False,200,
1787684530.1320546,serverless,5.0,5.0,57.638,False,200,
1787684530.3320546,serverless,5.0,5.0,39.207,False,200,
1787684530.5320547,serverless,5.0,5.0,48.157,False,200,
1787684530.7320545,serverless,5.0,5.0,55.832,False,200,
1787684530.9320545,serverless,5.0,5.0,53.506,False,200,
1787684531.1320546,serverless,5.0,5.0,56.219,False,200,
1787684531.3320546,serverless,5.0,5.0,43.908,False,200,
1787684531.5320547,serverless,5.0,5.0,59.03,False,200,
1787684531.7320545,serverless,5.0,5.0,54.358,False,200,
1787684531.9320545,serverless,5.0,5.0,43.04,False,200,
1787684532.1320546,serverless,5.0,5.0,47.853,False,200,
1787684532.3320546,serverless,5.0,5.0,37.355,False,200,
1787684532.5320547,serverless,5.0,5.0,52.598,False,200,
1787684532.7320545,serverless,5.0,5.0,46.134,False,200,
1787684532.9320545,serverless,5.0,5.0,40.156,False,200,
1787684533.1320546,serverless,5.0,5.0,49.87,False,200,
1787684533.3320546,serverless,5.0,5.0,45.036,False,200,
1787684533.5320547,serverless,5.0,5.0,49.103,False,200,
1787684533.7320545,serverless,5.0,5.0,42.618,False,200,
1787684533.9320545,serverless,5.0,5.0,47.002,False,200,
1787684534.1320546,serverless,5.0,5.0,967.102,True,200,
1787684534.3320546,serverless,5.0,5.0,74.166,False,200,
1787684534.5320547,serverless,5.0,5.0,40.879,False,200,
1787684534.7320545,serverless,5.0,5.0,73.668,False,200,
1787684534.9320545,serverless,5.0,5.0,57.731,False,200,
1787684535.1320546,serverless,5.0,5.0,45.413,False,200,
1787684535.3320546,serverless,5.0,5.0,62.877,False,200,
1787684535.5320547,serverless,5.0,5.0,61.063,False,200,
1787684535.7320545,serverless,5.0,5.0,57.832,False,200,
1787684535.9320545,serverless,5.0,5.0,52.192,False,200,
1787684536.1320546,serverless,5.0,5.0,60.151,False,200,
1787684536.3320546,serverless,5.0,5.0,61.781,False,200,
1787684536.5320547,serverless,5.0,5.0,61.316,False,200,
1787684536.7320545,serverless,5.0,5.0,42.007,False,200,
1787684536.9320545,serverless,5.0,5.0,58.84,False,200,
1787684537.1320546,serverless,5.0,5.0,67.004,False,200,
1787684537.3320546,serverless,5.0,5.0,55.073,False,200,
1787684537.5320547,serverless,5.0,5.0,39.667,False,200,
1787684537.7320545,serverless,5.0,5.0,66.153,False,200,
1787684537.9320545,serverless,5.0,5.0,37.835,False,200,
1787684538.1320546,serverless,5.0,5.0,68.384,False,200,
1787684538.3320546,serverless,5.0,5.0,66.09,False,200,
1787684538.5320547,serverless,5.0,5.0,52.832,False,200,
1787684538.7320545,serverless,5.0,5.0,57.256,False,200,
1787684538.9320545,serverless,5.0,5.0,40.643,False,200,
1787684539.1320546,serverless,5.0,5.0,64.695,False,200,
1787684539.3320546,serverless,5.0,5.0,61.798,False,200,
1787684539.5320547,serverless,5.0,5.0,35.907,False,200,
1787684539.7320545,serverless,5.0,5.0,47.117,False,200,
1787684539.9320545,serverless,5.0,5.0,54.712,False,200,
1787684540.1320546,serverless,5.0,5.0,32.612,False,200,
1787684540.3320546,serverless,5.0,5.0,58.266,False,200,
1787684540.5320547,serverless,5.0,5.0,91.564,False,200,
1787684540.7320545,serverless,5.0,5.0,58.041,False,200,
1787684540.9320545,serverless,5.0,5.0,46.987,False,200,
1787684541.1320546,serverless,5.0,5.0,37.226,False,200,
1787684541.3320546,serverless,5.0,5.0,59.163,False,200,
1787684541.5320547,serverless,5.0,5.0,64.331,False,200,
1787684541.7320545,serverless,5.0,5.0,49.936,False,200,
1787684541.9320545,serverless,5.0,5.0,36.511,False,200,
1787684542.1320546,serverless,5.0,5.0,53.88,False,200,
1787684542.3320546,serverless,5.0,5.0,51.145,False,200,
1787684542.5320547,serverless,5.0,5.0,42.581,False,200,
1787684542.7320545,serverless,5.0,5.0,49.457,False,200,
1787684542.9320545,serverless,5.0,5.0,61.952,False,200,
1787684543.1320546,serverless,5.0,5.0,65.034,False,200,
1787684543.3320546,serverless,5.0,5.0,76.627,False,200,
1787684543.5320547,serverless,5.0,5.0,61.024,False,200,
1787684543.7320545,serverless,5.0,5.0,54.229,False,200,
1787684543.9320545,serverless,5.0,5.0,34.474,False,200,
1787684544.1320546,serverless,5.0,5.0,52.982,False,200,
1787684544.3320546,serverless,5.0,5.0,58.261,False,200,
1787684544.5320547,serverless,5.0,5.0,52.725,False,200,
1787684544.7320545,serverless,5.0,5.0,47.588,False,200,
1787684544.9320545,serverless,5.0,5.0,55.182,False,200,
1787684545.1320546,serverless,5.0,5.0,41.568,False,200,
1787684545.3320546,serverless,5.0,5.0,37.035,False,200,
1787684545.5320547,serverless,5.0,5.0,72.223,False,200,
1787684545.7320545,serverless,5.0,5.0,46.449,False,200,
1787684545.9320545,serverless,5.0,5.0,54.192,False,200,
1787684546.1320546,serverless,5.0,5.0,62.869,False,200,
1787684546.3320546,serverless,5.0,5.0,45.01,False,200,
1787684546.5320547,serverless,5.0,5.0,71.162,False,200,
1787684546.7320545,serverless,5.0,5.0,40.462,False,200,
1787684546.9320545,serverless,5.0,5.0,46.232,False,200,
1787684547.1320546,serverless,5.0,5.0,42.902,False,200,
1787684547.3320546,serverless,5.0,5.0,56.558,False,200,
1787684547.5320547,serverless,5.0,5.0,59.023,False,200,
1787684547.7320545,serverless,5.0,5.0,58.922,False,200,
1787684547.9320545,serverless,5.0,5.0,52.409,False,200,
1787684548.1320546,serverless,5.0,5.0,33.966,False,200,
1787684548.3320546,serverless,5.0,5.0,49.315,False,200,
1787684548.5320547,serverless,5.0,5.0,43.395,False,200,
1787684548.7320545,serverless,5.0,5.0,53.063,False,200,
1787684548.9320545,serverless,5.0,5.0,49.824,False,200,
1787684549.1320546,serverless,5.0,5.0,39.848,False,200,
1787684549.3320546,serverless,5.0,5.0,57.48,False,200,
1787684549.5320547,serverless,5.0,5.0,49.534,False,200,
1787684549.7320545,serverless,5.0,5.0,39.897,False,200,
1787684549.9320545,serverless,5.0,5.0,60.092,False,200,
1787684550.1320546,serverless,5.0,5.0,51.252,False,200,
1787684550.3320546,serverless,5.0,5.0,58.284,False,200,
1787684550.5320547,serverless,5.0,5.0,38.437,False,200,
1787684550.7320545,serverless,5.0,5.0,46.844,False,200,
1787684550.9320545,serverless,5.0,5.0,39.477,False,200,
1787684551.1320546,serverless,5.0,5.0,58.411,False,200,
1787684551.3320546,serverless,5.0,5.0,61.98,False,200,
1787684551.5320547,serverless,5.0,5.0,68.544,False,200,
1787684551.7320545,serverless,5.0,5.0,46.962,False,200,
1787684551.9320545,serverless,5.0,5.0,46.17,False,200,
1787684552.1320546,serverless,5.0,5.0,58.197,False,200,
1787684552.3320546,serverless,5.0,5.0,48.032,False,200,
1787684552.5320547,serverless,5.0,5.0,41.762,False,200,
1787684552.7320545,serverless,5.0,5.0,53.946,False,200,
1787684552.9320545,serverless,5.0,5.0,32.552,False,200,
1787684553.1320546,serverless,5.0,5.0,48.901,False,200,
1787684553.3320546,serverless,5.0,5.0,41.266,False,200,
1787684553.5320547,serverless,5.0,5.0,49.587,False,200,
1787684553.7320545,serverless,5.0,5.0,1201.777,True,200,
1787684553.9320545,serverless,5.0,5.0,35.397,False,200,
1787684554.1320546,serverless,5.0,5.0,59.221,False,200,
1787684554.3320546,serverless,5.0,5.0,54.893,False,200,
1787684554.5320547,serverless,5.0,5.0,39.471,False,200,
1787684554.7320545,serverless,5.0,5.0,47.038,False,200,
1787684554.9320545,serverless,5.0,5.0,39.652,False,200,
1787684555.1320546,serverless,5.0,5.0,999.813,True,200,
1787684555.3320546,serverless,5.0,5.0,39.938,False,200,
1787684555.5320547,serverless,5.0,5.0,60.533,False,200,
1787684555.7320545,serverless,5.0,5.0,44.254,False,200,
1787684555.9320545,serverless,5.0,5.0,50.168,False,200,
1787684556.1320546,serverless,5.0,5.0,50.931,False,200,
1787684556.3320546,serverless,5.0,5.0,56.28,False,200,
1787684556.5320547,serverless,5.0,5.0,32.961,False,200,
1787684556.7320545,serverless,5.0,5.0,33.662,False,200,
1787684556.9320545,serverless,5.0,5.0,46.562,False,200,
1787684557.1320546,serverless,5.0,5.0,56.978,False,200,
1787684557.3320546,serverless,5.0,5.0,52.902,False,200,
1787684557.5320547,serverless,5.0,5.0,52.317,False,200,
1787684557.7320545,serverless,5.0,5.0,32.568,False,200,
1787684557.9320545,serverless,5.0,5.0,48.959,False,200,
1787684558.1320546,serverless,5.0,5.0,51.839,False,200,
1787684558.3320546,serverless,5.0,5.0,54.988,False,200,
1787684558.5320547,serverless,5.0,5.0,42.51,False,200,
1787684558.7320545,serverless,5.0,5.0,37.231,False,200,
1787684558.9320545,serverless,5.0,5.0,67.214,False,200,
1787684559.1320546,serverless,5.0,5.0,75.913,False,200,
1787684559.3320546,serverless,5.0,5.0,48.801,False,200,
1787684559.5320547,serverless,5.0,5.0,43.383,False,200,
1787684559.7320545,serverless,5.0,5.0,41.037,False,200,
1787684559.9320545,serverless,5.0,5.0,43.459,False,200,
1787684560.1320546,serverless,5.0,5.0,51.83,False,200,
1787684560.3320546,serverless,5.0,5.0,64.285,False,200,
1787684560.5320547,serverless,5.0,5.0,43.928,False,200,
1787684560.7320545,serverless,5.0,5.0,40.045,False,200,
1787684560.9320545,serverless,5.0,5.0,41.721,False,200,
1787684561.1320546,serverless,5.0,5.0,56.917,False,200,
1787684561.3320546,serverless,5.0,5.0,37.267,False,200,
1787684561.5320547,serverless,5.0,5.0,56.229,False,200,
1787684561.7320545,serverless,5.0,5.0,51.49,False,200,
1787684561.9320545,serverless,5.0,5.0,48.894,False,200,
1787684562.1320546,serverless,5.0,5.0,42.157,False,200,
1787684562.3320546,serverless,5.0,5.0,56.046,False,200,
1787684562.5320547,serverless,5.0,5.0,41.654,False,200,
1787684562.7320545,serverless,5.0,5.0,47.397,False,200,
1787684562.9320545,serverless,5.0,5.0,62.214,False,200,
1787684563.1320546,serverless,5.0,5.0,57.184,False,200,
1787684563.3320546,serverless,5.0,5.0,51.387,False,200,
1787684563.5320547,serverless,5.0,5.0,46.8,False,200,
1787684563.7320545,serverless,5.0,5.0,44.2,False,200,
1787684563.9320545,serverless,5.0,5.0,48.103,False,200,
1787684564.1320546,serverless,5.0,5.0,59.224,False,200,
1787684564.3320546,serverless,5.0,5.0,46.639,False,200,
1787684564.5320547,serverless,5.0,5.0,38.769,False,200,
1787684564.7320545,serverless,5.0,5.0,58.819,False,200,
1787684564.9320545,serverless,5.0,5.0,58.746,False,200,
1787684565.1320546,serverless,5.0,5.0,54.622,False,200,
1787684565.3320546,serverless,5.0,5.0,46.123,False,200,
1787684565.5320547,serverless,5.0,5.0,42.09,False,200,
1787684565.7320545,serverless,5.0,5.0,37.81,False,200,
1787684565.9320545,serverless,5.0,5.0,57.927,False,200,
1787684566.1320546,serverless,5.0,5.0,63.49,False,200,
1787684566.3320546,serverless,5.0,5.0,36.484,False,200,
1787684566.5320547,serverless,5.0,5.0,49.315,False,200,
1787684566.7320545,serverless,5.0,5.0,41.749,False,200,
1787684566.9320545,serverless,5.0,5.0,41.036,False,200,
1787684567.1320546,serverless,5.0,5.0,57.302,False,200,
1787684567.3320546,serverless,5.0,5.0,29.474,False,200,
1787684567.5320547,serverless,5.0,5.0,59.921,False,200,
1787684567.7320545,serverless,5.0,5.0,41.824,False,200,
1787684567.9320545,serverless,5.0,5.0,50.209,False,200,
1787684568.1320546,serverless,5.0,5.0,46.277,False,200,
1787684568.3320546,serverless,5.0,5.0,43.026,False,200,
1787684568.5320547,serverless,5.0,5.0,45.612,False,200,
1787684568.7320545,serverless,5.0,5.0,51.963,False,200,
1787684568.9320545,serverless,5.0,5.0,55.186,False,200,
1787684569.1320546,serverless,5.0,5.0,806.46,True,200,
1787684569.3320546,serverless,5.0,5.0,43.914,False,200,
1787684569.5320547,serverless,5.0,5.0,46.915,False,200,
1787684569.7320545,serverless,5.0,5.0,60.128,False,200,
1787684569.9320545,serverless,5.0,5.0,53.969,False,200,
1787684570.1320546,serverless,5.0,5.0,56.637,False,200,
1787684570.3320546,serverless,5.0,5.0,53.0,False,200,
1787684570.5320547,serverless,5.0,5.0,45.309,False,200,
1787684570.7320545,serverless,5.0,5.0,53.805,False,200,
1787684570.9320545,serverless,5.0,5.0,57.219,False,200,
1787684571.1320546,serverless,5.0,5.0,43.47,False,200,
1787684571.3320546,serverless,5.0,5.0,49.102,False,200,
1787684571.5320547,serverless,5.0,5.0,45.166,False,200,
1787684571.7320545,serverless,5.0,5.0,61.603,False,200,
1787684571.9320545,serverless,5.0,5.0,63.779,False,200,
1787684572.1320546,serverless,5.0,5.0,37.998,False,200,
1787684572.3320546,serverless,5.0,5.0,46.779,False,200,
1787684572.5320547,serverless,5.0,5.0,40.491,False,200,
1787684572.7320545,serverless,5.0,5.0,42.703,False,200,
1787684572.9320545,serverless,5.0,5.0,56.679,False,200,
1787684573.1320546,serverless,5.0,5.0,58.036,False,200,
1787684573.3320546,serverless,5.0,5.0,47.617,False,200,
1787684573.5320547,serverless,5.0,5.0,50.996,False,200,
1787684573.7320545,serverless,5.0,5.0,59.094,False,200,
1787684573.9320545,serverless,5.0,5.0,42.782,False,200,
1787684574.1320546,serverless,5.0,5.0,49.023,False,200,
1787684574.3320546,serverless,5.0,5.0,35.664,False,200,
1787684574.5320547,serverless,5.0,5.0,42.728,False,200,
1787684574.7320545,serverless,5.0,5.0,57.465,False,200,
1787684574.9320545,serverless,5.0,5.0,43.406,False,200,
1787684575.1320546,serverless,5.0,5.0,52.534,False,200,
1787684575.3320546,serverless,5.0,5.0,45.149,False,200,
1787684575.5320547,serverless,5.0,5.0,52.608,False,200,
1787684575.7320545,serverless,5.0,5.0,45.647,False,200,
1787684575.9320545,serverless,5.0,5.0,41.949,False,200,
1787684576.1320546,serverless,5.0,5.0,41.958,False,200,
1787684576.3320546,serverless,5.0,5.0,71.916,False,200,
1787684576.5320547,serverless,5.0,5.0,51.092,False,200,
1787684576.7320545,serverless,5.0,5.0,48.853,False,200,
1787684576.9320545,serverless,5.0,5.0,48.818,False,200,
1787684577.1320546,serverless,5.0,5.0,64.986,False,200,
1787684577.3320546,serverless,5.0,5.0,46.637,False,200,
1787684577.5320547,serverless,5.0,5.0,47.196,False,200,
1787684577.7320545,serverless,5.0,5.0,47.107,False,200,
1787684577.9320545,serverless,5.0,5.0,73.257,False,200,
1787684578.1320546,serverless,5.0,5.0,62.222,False,200,
1787684578.3320546,serverless,5.0,5.0,39.816,False,200,
1787684578.5320547,serverless,5.0,5.0,54.456,False,200,
1787684578.7320545,serverless,5.0,5.0,61.875,False,200,
1787684578.9320545,serverless,5.0,5.0,53.753,False,200,
1787684579.1320546,serverless,5.0,5.0,47.328,False,200,
1787684579.3320546,serverless,5.0,5.0,61.348,False,200,
1787684579.5320547,serverless,5.0,5.0,32.551,False,200,
1787684579.7320545,serverless,5.0,5.0,61.579,False,200,
1787684579.9320545,serverless,5.0,5.0,53.1,False,200,
1787684580.1320546,serverless,5.0,5.0,53.265,False,200,
1787684580.3320546,serverless,5.0,5.0,50.536,False,200,
1787684580.5320547,serverless,5.0,5.0,57.954,False,200,
1787684580.7320545,serverless,5.0,5.0,64.64,False,200,
1787684580.9320545,serverless,5.0,5.0,35.137,False,200,
1787684581.1320546,serverless,5.0,5.0,59.777,False,200,
1787684581.3320546,serverless,5.0,5.0,45.855,False,200,
1787684581.5320547,serverless,5.0,5.0,42.135,False,200,
1787684581.7320545,serverless,5.0,5.0,59.005,False,200,
1787684581.9320545,serverless,5.0,5.0,55.677,False,200,
1787684582.1320546,serverless,5.0,5.0,49.103,False,200,
1787684582.3320546,serverless,5.0,5.0,38.36,False,200,
1787684582.5320547,serverless,5.0,5.0,54.978,False,200,
1787684582.7320545,serverless,5.0,5.0,55.496,False,200,
1787684582.9320545,serverless,5.0,5.0,41.743,False,200,
1787684583.1320546,serverless,5.0,5.0,47.046,False,200,
1787684583.3320546,serverless,5.0,5.0,35.741,False,200,
1787684583.5320547,serverless,5.0,5.0,54.402,False,200,
1787684583.7320545,serverless,5.0,5.0,53.428,False,200,
1787684583.9320545,serverless,5.0,5.0,37.914,False,200,
1787684584.1320546,serverless,5.0,5.0,78.105,False,200,
1787684584.3320546,serverless,5.0,5.0,66.191,False,200,
1787684584.5320547,serverless,5.0,5.0,69.344,False,200,
1787684584.7320545,serverless,5.0,5.0,29.181,False,200,
1787684584.9320545,serverless,5.0,5.0,56.456,False,200,
1787684585.1320546,serverless,5.0,5.0,46.2,False,200,
1787684585.3320546,serverless,5.0,5.0,43.465,False,200,
1787684585.5320547,serverless,5.0,5.0,76.375,False,200,
1787684585.7320545,serverless,5.0,5.0,44.844,False,200,
1787684585.9320545,serverless,5.0,5.0,62.371,False,200,
1787684586.1320546,serverless,5.0,5.0,59.15,False,200,
1787684586.3320546,serverless,5.0,5.0,35.365,False,200,
1787684586.5320547,serverless,5.0,5.0,52.651,False,200,
1787684586.7320545,serverless,5.0,5.0,46.191,False,200,
1787684586.9320545,serverless,5.0,5.0,66.903,False,200,
1787684587.1320546,serverless,5.0,5.0,89.126,False,200,
1787684587.3320546,serverless,5.0,5.0,48.411,False,200,
1787684587.5320547,serverless,5.0,5.0,46.273,False,200,
1787684587.7320545,serverless,5.0,5.0,51.624,False,200,
1787684587.9320545,serverless,5.0,5.0,41.869,False,200,
1787684588.1320546,serverless,5.0,5.0,44.528,False,200,
1787684588.3320546,serverless,5.0,5.0,65.969,False,200,
1787684588.5320547,serverless,5.0,5.0,33.879,False,200,
1787684588.7320545,serverless,5.0,5.0,40.205,False,200,
1787684588.9320545,serverless,5.0,5.0,38.621,False,200,
1787684589.1320546,serverless,5.0,5.0,53.556,False,200,
1787684589.3320546,serverless,5.0,5.0,38.754,False,200,
1787684589.5320547,serverless,5.0,5.0,66.353,False,200,
1787684589.7320545,serverless,5.0,5.0,65.601,False,200,
1787684589.9320545,serverless,5.0,5.0,44.616,False,200,
1787684590.1320546,serverless,5.0,5.0,60.182,False,200,
1787684590.3320546,serverless,5.0,5.0,41.541,False,200,
1787684590.5320547,serverless,5.0,5.0,57.424,False,200,
1787684590.7320545,serverless,5.0,5.0,50.401,False,200,
1787684590.9320545,serverless,5.0,5.0,45.58,False,200,
1787684591.1320546,serverless,5.0,5.0,50.669,False,200,
1787684591.3320546,serverless,5.0,5.0,45.853,False,200,
1787684591.5320547,serverless,5.0,5.0,58.703,False,200,
1787684591.7320545,serverless,5.0,5.0,36.092,False,200,
1787684591.9320545,serverless,5.0,5.0,50.051,False,200,
1787684592.1320546,serverless,5.0,5.0,62.108,False,200,
1787684592.3320546,serverless,5.0,5.0,33.846,False,200,
1787684592.5320547,serverless,5.0,5.0,53.615,False,200,
1787684592.7320545,serverless,5.0,5.0,62.133,False,200,
1787684592.9320545,serverless,5.0,5.0,56.553,False,200,
1787684593.1320546,serverless,5.0,5.0,45.833,False,200,
1787684593.3320546,serverless,5.0,5.0,50.315,False,200,
1787684593.5320547,serverless,5.0,5.0,50.893,False,200,
1787684593.7320545,serverless,5.0,5.0,36.66,False,200,
1787684593.9320545,serverless,5.0,5.0,34.238,False,200,
1787684594.1320546,serverless,5.0,5.0,55.826,False,200,
1787684594.3320546,serverless,5.0,5.0,66.746,False,200,
1787684594.5320547,serverless,5.0,5.0,59.963,False,200,
1787684594.7320545,serverless,5.0,5.0,67.121,False,200,
1787684594.9320545,serverless,5.0,5.0,55.245,False,200,
1787684595.1320546,serverless,5.0,5.0,48.068,False,200,
1787684595.3320546,serverless,5.0,5.0,48.027,False,200,
1787684595.5320547,serverless,5.0,5.0,50.897,False,200,
1787684595.7320545,serverless,5.0,5.0,69.279,False,200,
1787684595.9320545,serverless,5.0,5.0,49.818,False,200,
1787684596.1320546,serverless,5.0,5.0,45.755,False,200,
1787684596.3320546,serverless,5.0,5.0,54.913,False,200,
1787684596.5320547,serverless,5.0,5.0,42.126,False,200,
1787684596.7320545,serverless,5.0,5.0,54.415,False,200,
1787684596.9320545,serverless,5.0,5.0,37.699,False,200,
1787684597.1320546,serverless,5.0,5.0,46.812,False,200,
1787684597.3320546,serverless,5.0,5.0,46.868,False,200,
1787684597.5320547,serverless,5.0,5.0,81.495,False,200,
1787684597.7320545,serverless,5.0,5.0,53.841,False,200,
1787684597.9320545,serverless,5.0,5.0,52.201,False,200,
1787684598.1320546,serverless,5.0,5.0,56.883,False,200,
1787684598.3320546,serverless,5.0,5.0,40.497,False,200,
1787684598.5320547,serverless,5.0,5.0,44.057,False,200,
1787684598.7320545,serverless,5.0,5.0,39.732,False,200,
1787684598.9320545,serverless,5.0,5.0,45.861,False,200,
1787684599.1320546,serverless,5.0,5.0,41.197,False,200,
1787684599.3320546,serverless,5.0,5.0,45.6,False,200,
1787684599.5320547,serverless,5.0,5.0,48.628,False,200,
1787684599.7320545,serverless,5.0,5.0,36.595,False,200,
1787684599.9320545,serverless,5.0,5.0,62.211,False,200,
1787684600.1320546,serverless,5.0,5.0,46.379,False,200,
1787684600.3320546,serverless,5.0,5.0,68.408,False,200,
1787684600.5320547,serverless,5.0,5.0,43.226,False,200,
1787684600.7320545,serverless,5.0,5.0,45.531,False,200,
1787684600.9320545,serverless,5.0,5.0,45.312,False,200,
1787684601.1320546,serverless,5.0,5.0,62.742,False,200,
1787684601.3320546,serverless,5.0,5.0,42.452,False,200,
1787684601.5320547,serverless,5.0,5.0,46.084,False,200,
1787684601.7320545,serverless,5.0,5.0,73.226,False,200,
1787684601.9320545,serverless,5.0,5.0,64.403,False,200,
1787684602.1320546,serverless,5.0,5.0,64.24,False,200,
1787684602.3320546,serverless,5.0,5.0,45.274,False,200,
1787684602.5320547,serverless,5.0,5.0,57.575,False,200,
1787684602.7320545,serverless,5.0,5.0,59.362,False,200,
1787684602.9320545,serverless,5.0,5.0,43.089,False,200,
1787684603.1320546,serverless,5.0,5.0,78.336,False,200,
1787684603.3320546,serverless,5.0,5.0,38.729,False,200,
1787684603.5320547,serverless,5.0,5.0,66.033,False,200,
1787684603.7320545,serverless,5.0,5.0,42.628,False,200,
1787684603.9320545,serverless,5.0,5.0,51.745,False,200,
1787684604.1320546,serverless,5.0,5.0,44.336,False,200,
1787684604.3320546,serverless,5.0,5.0,51.498,False,200,
1787684604.5320547,serverless,5.0,5.0,56.522,False,200,
1787684604.7320545,serverless,5.0,5.0,41.963,False,200,
1787684604.9320545,serverless,5.0,5.0,42.945,False,200,
1787684605.1320546,serverless,5.0,5.0,38.138,False,200,
1787684605.3320546,serverless,5.0,5.0,49.773,False,200,
1787684605.5320547,serverless,5.0,5.0,49.439,False,200,
1787684605.7320545,serverless,5.0,5.0,1242.215,True,200,
1787684605.9320545,serverless,5.0,5.0,46.825,False,200,
1787684606.1320546,serverless,5.0,5.0,45.834,False,200,
1787684606.3320546,serverless,5.0,5.0,46.798,False,200,
1787684606.5320547,serverless,5.0,5.0,57.298,False,200,
1787684606.7320545,serverless,5.0,5.0,32.949,False,200,
1787684606.9320545,serverless,5.0,5.0,59.016,False,200,
1787684607.1320546,serverless,5.0,5.0,39.524,False,200,
1787684607.3320546,serverless,5.0,5.0,49.696,False,200,
1787684607.5320547,serverless,5.0,5.0,48.868,False,200,
1787684607.7320545,serverless,5.0,5.0,53.545,False,200,
1787684607.9320545,serverless,5.0,5.0,37.704,False,200,
1787684608.1320546,serverless,5.0,5.0,50.785,False,200,
1787684608.3320546,serverless,5.0,5.0,40.128,False,200,
1787684608.5320547,serverless,5.0,5.0,54.735,False,200,
1787684608.7320545,serverless,5.0,5.0,46.859,False,200,
1787684608.9320545,serverless,5.0,5.0,59.362,False,200,
1787684609.1320546,serverless,5.0,5.0,49.503,False,200,
1787684609.3320546,serverless,5.0,5.0,53.516,False,200,
1787684609.5320547,serverless,5.0,5.0,65.834,False,200,
1787684609.7320545,serverless,5.0,5.0,57.818,False,200,
1787684609.9320545,serverless,5.0,5.0,47.425,False,200,
1787684610.1320546,serverless,5.0,5.0,67.186,False,200,
1787684610.3320546,serverless,5.0,5.0,57.127,False,200,
1787684610.5320547,serverless,5.0,5.0,48.846,False,200,
1787684610.7320545,serverless,5.0,5.0,63.734,False,200,
1787684610.9320545,serverless,5.0,5.0,41.789,False,200,
1787684611.1320546,serverless,5.0,5.0,54.692,False,200,
1787684611.3320546,serverless,5.0,5.0,57.196,False,200,
1787684611.5320547,serverless,5.0,5.0,61.433,False,200,
1787684611.7320545,serverless,5.0,5.0,45.206,False,200,
1787684611.9320545,serverless,5.0,5.0,40.213,False,200,
1787684612.1320546,serverless,5.0,5.0,58.474,False,200,
1787684612.3320546,serverless,5.0,5.0,36.023,False,200,
1787684612.5320547,serverless,5.0,5.0,47.125,False,200,
1787684612.7320545,serverless,5.0,5.0,53.477,False,200,
1787684612.9320545,serverless,5.0,5.0,55.265,False,200,
1787684613.1320546,serverless,5.0,5.0,61.822,False,200,
1787684613.3320546,serverless,5.0,5.0,53.218,False,200,
1787684613.5320547,serverless,5.0,5.0,47.723,False,200,
1787684613.7320545,serverless,5.0,5.0,59.419,False,200,
1787684613.9320545,serverless,5.0,5.0,40.737,False,200,
1787684614.1320546,serverless,5.0,5.0,64.05,False,200,
1787684614.3320546,serverless,5.0,5.0,59.821,False,200,
1787684614.5320547,serverless,5.0,5.0,46.501,False,200,
1787684614.7320545,serverless,5.0,5.0,44.436,False,200,
1787684614.9320545,serverless,5.0,5.0,52.918,False,200,
1787684615.1320546,serverless,5.0,5.0,47.923,False,200,
1787684615.3320546,serverless,5.0,5.0,48.935,False,200,
1787684615.5320547,serverless,5.0,5.0,64.996,False,200,
1787684615.7320545,serverless,5.0,5.0,56.202,False,200,
1787684615.9320545,serverless,5.0,5.0,71.236,False,200,
1787684616.1320546,serverless,5.0,5.0,34.15,False,200,
1787684616.3320546,serverless,5.0,5.0,66.763,False,200,
1787684616.5320547,serverless,5.0,5.0,66.313,False,200,
1787684616.7320545,serverless,5.0,5.0,37.199,False,200,
1787684616.9320545,serverless,5.0,5.0,57.386,False,200,
1787684617.1320546,serverless,5.0,5.0,53.643,False,200,
1787684617.3320546,serverless,5.0,5.0,52.227,False,200,
1787684617.5320547,serverless,5.0,5.0,41.192,False,200,
1787684617.7320545,serverless,5.0,5.0,43.593,False,200,
1787684617.9320545,serverless,5.0,5.0,50.498,False,200,
1787684618.1320546,serverless,5.0,5.0,41.817,False,200,
1787684618.3320546,serverless,5.0,5.0,45.368,False,200,
1787684618.5320547,serverless,5.0,5.0,54.687,False,200,
1787684618.7320545,serverless,5.0,5.0,44.263,False,200,
1787684618.9320545,serverless,5.0,5.0,41.908,False,200,
1787684619.1320546,serverless,5.0,5.0,43.144,False,200,
1787684619.3320546,serverless,5.0,5.0,69.096,False,200,
1787684619.5320547,serverless,5.0,5.0,53.654,False,200,
1787684619.7320545,serverless,5.0,5.0,48.317,False,200,
1787684619.9320545,serverless,5.0,5.0,57.315,False,200,
1787684620.1320546,serverless,5.0,5.0,41.523,False,200,
1787684620.3320546,serverless,5.0,5.0,41.968,False,200,
1787684620.5320547,serverless,5.0,5.0,51.526,False,200,
1787684620.7320545,serverless,5.0,5.0,51.915,False,200,
1787684620.9320545,serverless,5.0,5.0,45.533,False,200,
1787684621.1320546,serverless,5.0,5.0,47.723,False,200,
1787684621.3320546,serverless,5.0,5.0,53.426,False,200,
1787684621.5320547,serverless,5.0,5.0,45.425,False,200,
1787684621.7320545,serverless,5.0,5.0,48.95,False,200,
1787684621.9320545,serverless,5.0,5.0,43.421,False,200,
1787684622.1320546,serverless,5.0,5.0,53.059,False,200,
1787684622.3320546,serverless,5.0,5.0,48.31,False,200,
1787684622.5320547,serverless,5.0,5.0,58.007,False,200,
1787684622.7320545,serverless,5.0,5.0,47.131,False,200,
1787684622.9320545,serverless,5.0,5.0,45.19,False,200,
1787684623.1320546,serverless,5.0,5.0,55.971,False,200,
1787684623.3320546,serverless,5.0,5.0,45.421,False,200,
1787684623.5320547,serverless,5.0,5.0,35.8,False,200,
1787684623.7320545,serverless,5.0,5.0,60.645,False,200,
1787684623.9320545,serverless,5.0,5.0,60.581,False,200,
1787684624.1320546,serverless,5.0,5.0,30.284,False,200,
1787684624.3320546,serverless,5.0,5.0,969.596,True,200,
1787684624.5320547,serverless,5.0,5.0,55.739,False,200,
1787684624.7320545,serverless,5.0,5.0,43.814,False,200,
1787684624.9320545,serverless,5.0,5.0,55.61,False,200,
1787684625.1320546,serverless,5.0,5.0,58.144,False,200,
1787684625.3320546,serverless,5.0,5.0,45.658,False,200,
1787684625.5320547,serverless,5.0,5.0,50.648,False,200,
1787684625.7320545,serverless,5.0,5.0,35.289,False,200,
1787684625.9320545,serverless,5.0,5.0,34.594,False,200,
1787684626.1320546,serverless,5.0,5.0,62.602,False,200,
1787684626.3320546,serverless,5.0,5.0,38.889,False,200,
1787684626.5320547,serverless,5.0,5.0,65.735,False,200,
1787684626.7320545,serverless,5.0,5.0,50.306,False,200,
1787684626.9320545,serverless,5.0,5.0,38.231,False,200,
1787684627.1320546,serverless,5.0,5.0,42.099,False,200,
1787684627.3320546,serverless,5.0,5.0,54.82,False,200,
1787684627.5320547,serverless,5.0,5.0,987.988,True,200,
1787684627.7320545,serverless,5.0,5.0,49.412,False,200,
1787684627.9320545,serverless,5.0,5.0,64.552,False,200,
1787684628.1320546,serverless,5.0,5.0,42.649,False,200,
1787684628.3320546,serverless,5.0,5.0,47.149,False,200,
1787684628.5320547,serverless,5.0,5.0,40.552,False,200,
1787684628.7320545,serverless,5.0,5.0,62.566,False,200,
1787684628.9320545,serverless,5.0,5.0,56.624,False,200,
1787684629.1320546,serverless,5.0,5.0,55.855,False,200,
1787684629.3320546,serverless,5.0,5.0,36.643,False,200,
1787684629.5320547,serverless,5.0,5.0,53.54,False,200,
1787684629.7320545,serverless,5.0,5.0,41.448,False,200,
1787684629.9320545,serverless,5.0,5.0,1306.442,True,200,
1787684630.1320546,serverless,5.0,5.0,55.833,False,200,
1787684630.3320546,serverless,5.0,5.0,49.698,False,200,
1787684630.5320547,serverless,5.0,5.0,48.892,False,200,
1787684630.7320545,serverless,5.0,5.0,57.433,False,200,
1787684630.9320545,serverless,5.0,5.0,53.914,False,200,
1787684631.1320546,serverless,5.0,5.0,44.642,False,200,
1787684631.3320546,serverless,5.0,5.0,60.029,False,200,
1787684631.5320547,serverless,5.0,5.0,43.53,False,200,
1787684631.7320545,serverless,5.0,5.0,45.878,False,200,
1787684631.9320545,serverless,5.0,5.0,64.551,False,200,
1787684632.1320546,serverless,5.0,5.0,45.011,False,200,
1787684632.3320546,serverless,5.0,5.0,62.883,False,200,
1787684632.5320547,serverless,5.0,5.0,64.626,False,200,
1787684632.7320545,serverless,5.0,5.0,53.33,False,200,
1787684632.9320545,serverless,5.0,5.0,57.555,False,200,
1787684633.1320546,serverless,5.0,5.0,51.863,False,200,
1787684633.3320546,serverless,5.0,5.0,56.981,False,200,
1787684633.5320547,serverless,5.0,5.0,46.704,False,200,
1787684633.7320545,serverless,5.0,5.0,59.119,False,200,
1787684633.9320545,serverless,5.0,5.0,66.205,False,200,
1787684634.1320546,serverless,5.0,5.0,46.804,False,200,
1787684634.3320546,serverless,5.0,5.0,51.925,False,200,
1787684634.5320547,serverless,5.0,5.0,76.498,False,200,
1787684634.7320545,serverless,5.0,5.0,63.235,False,200,
1787684634.9320545,serverless,5.0,5.0,44.37,False,200,
1787684635.1320546,serverless,5.0,5.0,65.052,False,200,
1787684635.3320546,serverless,5.0,5.0,71.771,False,200,
1787684635.5320547,serverless,5.0,5.0,58.486,False,200,
1787684635.7320545,serverless,5.0,5.0,76.307,False,200,
1787684635.9320545,serverless,5.0,5.0,46.864,False,200,
1787684636.1320546,serverless,5.0,5.0,44.415,False,200,
1787684636.3320546,serverless,5.0,5.0,46.708,False,200,
1787684636.5320547,serverless,5.0,5.0,52.496,False,200,
1787684636.7320545,serverless,5.0,5.0,51.183,False,200,
1787684636.9320545,serverless,5.0,5.0,51.766,False,200,
1787684637.1320546,serverless,5.0,5.0,42.971,False,200,
1787684637.3320546,serverless,5.0,5.0,52.996,False,200,
1787684637.5320547,serverless,5.0,5.0,42.251,False,200,
1787684637.7320545,serverless,5.0,5.0,37.024,False,200,
1787684637.9320545,serverless,5.0,5.0,65.459,False,200,
1787684638.1320546,serverless,5.0,5.0,49.502,False,200,
1787684638.3320546,serverless,5.0,5.0,33.794,False,200,
1787684638.5320547,serverless,5.0,5.0,46.545,False,200,
1787684638.7320545,serverless,5.0,5.0,57.216,False,200,
1787684638.9320545,serverless,5.0,5.0,40.367,False,200,
1787684639.1320546,serverless,5.0,5.0,47.997,False,200,
1787684639.3320546,serverless,5.0,5.0,51.555,False,200,
1787684639.5320547,serverless,5.0,5.0,62.673,False,200,
1787684639.7320545,serverless,5.0,5.0,45.057,False,200,
1787684639.9320545,serverless,5.0,5.0,58.546,False,200,
1787684640.1320546,serverless,5.0,5.0,49.364,False,200,
1787684640.3320546,serverless,5.0,5.0,83.1,False,200,
1787684640.5320547,serverless,5.0,5.0,55.321,False,200,
1787684640.7320545,serverless,5.0,5.0,45.463,False,200,
1787684640.9320545,serverless,5.0,5.0,58.231,False,200,
1787684641.1320546,serverless,5.0,5.0,43.99,False,200,
1787684641.3320546,serverless,5.0,5.0,56.423,False,200,
1787684641.5320547,serverless,5.0,5.0,34.101,False,200,
1787684641.7320545,serverless,5.0,5.0,48.526,False,200,
1787684641.9320545,serverless,5.0,5.0,56.565,False,200,
1787684642.1320546,serverless,5.0,5.0,77.578,False,200,
1787684642.3320546,serverless,5.0,5.0,53.814,False,200,
1787684642.5320547,serverless,5.0,5.0,57.263,False,200,
1787684642.7320545,serverless,5.0,5.0,55.44,False,200,
1787684642.9320545,serverless,5.0,5.0,45.066,False,200,
1787684643.1320546,serverless,5.0,5.0,53.508,False,200,
1787684643.3320546,serverless,5.0,5.0,38.264,False,200,
1787684643.5320547,serverless,5.0,5.0,1318.438,True,200,
1787684643.7320545,serverless,5.0,5.0,41.735,False,200,
1787684643.9320545,serverless,5.0,5.0,69.952,False,200,
1787684644.1320546,serverless,5.0,5.0,55.211,False,200,
1787684644.3320546,serverless,5.0,5.0,53.673,False,200,
1787684644.5320547,serverless,5.0,5.0,66.21,False,200,
1787684644.7320545,serverless,5.0,5.0,59.026,False,200,
1787684644.9320545,serverless,5.0,5.0,56.33,False,200,
1787684645.1320546,serverless,5.0,5.0,36.444,False,200,
1787684645.3320546,serverless,5.0,5.0,51.245,False,200,
1787684645.5320547,serverless,5.0,5.0,52.241,False,200,
1787684645.7320545,serverless,5.0,5.0,43.192,False,200,
1787684645.9320545,serverless,5.0,5.0,79.568,False,200,
1787684646.1320546,serverless,5.0,5.0,67.554,False,200,
1787684646.3320546,serverless,5.0,5.0,42.091,False,200,
1787684646.5320547,serverless,5.0,5.0,47.604,False,200,
1787684646.7320545,serverless,5.0,5.0,70.267,False,200,
1787684646.9320545,serverless,5.0,5.0,48.467,False,200,
1787684647.1320546,serverless,5.0,5.0,35.884,False,200,
1787684647.3320546,serverless,5.0,5.0,39.9,False,200,
1787684647.5320547,serverless,5.0,5.0,67.72,False,200,
1787684647.7320545,serverless,5.0,5.0,59.268,False,200,
1787684647.9320545,serverless,5.0,5.0,52.051,False,200,
1787684648.1320546,serverless,5.0,5.0,71.3,False,200,
1787684648.3320546,serverless,5.0,5.0,40.793,False,200,
1787684648.5320547,serverless,5.0,5.0,65.881,False,200,
1787684648.7320545,serverless,5.0,5.0,55.479,False,200,
1787684648.9320545,serverless,5.0,5.0,67.541,False,200,
1787684649.1320546,serverless,5.0,5.0,67.548,False,200,
1787684649.3320546,serverless,5.0,5.0,48.635,False,200,
1787684649.5320547,serverless,5.0,5.0,51.599,False,200,
1787684649.7320545,serverless,5.0,5.0,61.637,False,200,
1787684649.9320545,serverless,5.0,5.0,45.485,False,200,
1787684650.1320546,serverless,5.0,5.0,82.775,False,200,
1787684650.3320546,serverless,5.0,5.0,63.124,False,200,
1787684650.5320547,serverless,5.0,5.0,43.828,False,200,
1787684650.7320545,serverless,5.0,5.0,44.829,False,200,
1787684650.9320545,serverless,5.0,5.0,47.188,False,200,
1787684651.1320546,serverless,5.0,5.0,39.82,False,200,
1787684651.3320546,serverless,5.0,5.0,46.7,False,200,
1787684651.5320547,serverless,5.0,5.0,55.703,False,200,
1787684651.7320545,serverless,5.0,5.0,35.03,False,200,
1787684651.9320545,serverless,5.0,5.0,70.154,False,200,
1787684652.1320546,serverless,5.0,5.0,56.874,False,200,
1787684652.3320546,serverless,5.0,5.0,58.412,False,200,
1787684652.5320547,serverless,5.0,5.0,34.458,False,200,
1787684652.7320545,serverless,5.0,5.0,1315.377,True,200,
1787684652.9320545,serverless,5.0,5.0,1592.963,True,200,
1787684653.1320546,serverless,5.0,5.0,48.16,False,200,
1787684653.3320546,serverless,5.0,5.0,45.429,False,200,
1787684653.5320547,serverless,5.0,5.0,51.161,False,200,
1787684653.7320545,serverless,5.0,5.0,61.725,False,200,
1787684653.9320545,serverless,5.0,5.0,56.889,False,200,
1787684654.1320546,serverless,5.0,5.0,46.206,False,200,
1787684654.3320546,serverless,5.0,5.0,44.238,False,200,
1787684654.5320547,serverless,5.0,5.0,56.734,False,200,
1787684654.7320545,serverless,5.0,5.0,54.649,False,200,
1787684654.9320545,serverless,5.0,5.0,64.025,False,200,
1787684655.1320546,serverless,5.0,5.0,56.824,False,200,
1787684655.3320546,serverless,5.0,5.0,56.604,False,200,
1787684655.5320547,serverless,5.0,5.0,39.704,False,200,
1787684655.7320545,serverless,5.0,5.0,60.42,False,200,
1787684655.9320545,serverless,5.0,5.0,55.094,False,200,
1787684656.1320546,serverless,5.0,5.0,60.012,False,200,
1787684656.3320546,serverless,5.0,5.0,42.823,False,200,
1787684656.5320547,serverless,5.0,5.0,43.582,False,200,
1787684656.7320545,serverless,5.0,5.0,56.44,False,200,
1787684656.9320545,serverless,5.0,5.0,49.793,False,200,
1787684657.1320546,serverless,5.0,5.0,78.599,False,200,
1787684657.3320546,serverless,5.0,5.0,64.697,False,200,
1787684657.5320547,serverless,5.0,5.0,51.381,False,200,
1787684657.7320545,serverless,5.0,5.0,54.758,False,200,
1787684657.9320545,serverless,5.0,5.0,1096.574,True,200,
1787684658.1320546,serverless,5.0,5.0,58.233,False,200,
1787684658.3320546,serverless,5.0,5.0,60.915,False,200,
1787684658.5320547,serverless,5.0,5.0,76.156,False,200,
1787684658.7320545,serverless,5.0,5.0,37.966,False,200,
1787684658.9320545,serverless,5.0,5.0,66.939,False,200,
1787684659.1320546,serverless,5.0,5.0,81.052,False,200,
1787684659.3320546,serverless,5.0,5.0,46.124,False,200,
1787684659.5320547,serverless,5.0,5.0,47.722,False,200,
1787684659.7320545,serverless,5.0,5.0,75.957,False,200,
1787684659.9320545,serverless,5.0,5.0,77.864,False,200,
1787684660.1320546,serverless,5.0,5.0,58.148,False,200,
1787684660.3320546,serverless,5.0,5.0,36.419,False,200,
1787684660.5320547,serverless,5.0,5.0,58.942,False,200,
1787684660.7320545,serverless,5.0,5.0,39.909,False,200,
1787684660.9320545,serverless,5.0,5.0,45.012,False,200,
1787684661.1320546,serverless,5.0,5.0,57.389,False,200,
1787684661.3320546,serverless,5.0,5.0,51.267,False,200,
1787684661.5320547,serverless,5.0,5.0,48.11,False,200,
1787684661.7320545,serverless,5.0,5.0,73.401,False,200,
1787684661.9320545,serverless,5.0,5.0,53.153,False,200,
1787684662.1320546,serverless,5.0,5.0,41.066,False,200,
1787684662.3320546,serverless,5.0,5.0,67.069,False,200,
1787684662.5320547,serverless,5.0,5.0,39.917,False,200,
1787684662.7320545,serverless,5.0,5.0,55.766,False,200,
1787684662.9320545,serverless,5.0,5.0,44.086,False,200,
1787684663.1320546,serverless,5.0,5.0,39.891,False,200,
1787684663.3320546,serverless,5.0,5.0,56.432,False,200,
1787684663.5320547,serverless,5.0,5.0,31.968,False,200,
1787684663.7320545,serverless,5.0,5.0,50.981,False,200,
1787684663.9320545,serverless,5.0,5.0,83.559,False,200,
1787684664.1320546,serverless,5.0,5.0,49.652,False,200,
1787684664.3320546,serverless,5.0,5.0,70.059,False,200,
1787684664.5320547,serverless,5.0,5.0,41.865,False,200,
1787684664.7320545,serverless,5.0,5.0,42.614,False,200,
1787684664.9320545,serverless,5.0,5.0,59.654,False,200,
1787684665.1320546,serverless,5.0,5.0,37.922,False,200,
1787684665.3320546,serverless,5.0,5.0,44.836,False,200,
1787684665.5320547,serverless,5.0,5.0,73.406,False,200,
1787684665.7320545,serverless,5.0,5.0,2214.215,True,200,
1787684665.9320545,serverless,5.0,5.0,45.182,False,200,
1787684666.1320546,serverless,5.0,5.0,41.791,False,200,
1787684666.3320546,serverless,5.0,5.0,46.666,False,200,
1787684666.5320547,serverless,5.0,5.0,51.852,False,200,
1787684666.7320545,serverless,5.0,5.0,39.804,False,200,
1787684666.9320545,serverless,5.0,5.0,76.455,False,200,
1787684667.1320546,serverless,5.0,5.0,36.774,False,200,
1787684667.3320546,serverless,5.0,5.0,46.369,False,200,
1787684667.5320547,serverless,5.0,5.0,78.695,False,200,
1787684667.7320545,serverless,5.0,5.0,47.855,False,200,
1787684667.9320545,serverless,5.0,5.0,58.393,False,200,
1787684668.1320546,serverless,5.0,5.0,37.483,False,200,
1787684668.3320546,serverless,5.0,5.0,59.975,False,200,
1787684668.5320547,serverless,5.0,5.0,53.125,False,200,
1787684668.7320545,serverless,5.0,5.0,46.614,False,200,
1787684668.9320545,serverless,5.0,5.0,48.61,False,200,
1787684669.1320546,serverless,5.0,5.0,55.898,False,200,
1787684669.3320546,serverless,5.0,5.0,46.184,False,200,
1787684669.5320547,serverless,5.0,5.0,50.7,False,200,
1787684669.7320545,serverless,5.0,5.0,58.347,False,200,
1787684669.9320545,serverless,5.0,5.0,54.593,False,200,
1787684670.1320546,serverless,5.0,5.0,55.252,False,200,
1787684670.3320546,serverless,5.0,5.0,57.757,False,200,
1787684670.5320547,serverless,5.0,5.0,42.584,False,200,
1787684670.7320545,serverless,5.0,5.0,35.426,False,200,
1787684670.9320545,serverless,5.0,5.0,40.247,False,200,
1787684671.1320546,serverless,5.0,5.0,66.55,False,200,
1787684671.3320546,serverless,5.0,5.0,38.076,False,200,
1787684671.5320547,serverless,5.0,5.0,65.93,False,200,
1787684671.7320545,serverless,5.0,5.0,49.45,False,200,
1787684671.9320545,serverless,5.0,5.0,52.723,False,200,
1787684672.1320546,serverless,5.0,5.0,40.346,False,200,
1787684672.3320546,serverless,5.0,5.0,53.989,False,200,
1787684672.5320547,serverless,5.0,5.0,49.688,False,200,
1787684672.7320545,serverless,5.0,5.0,40.32,False,200,
1787684672.9320545,serverless,5.0,5.0,47.947,False,200,
1787684673.1320546,serverless,5.0,5.0,64.132,False,200,
1787684673.3320546,serverless,5.0,5.0,40.458,False,200,
1787684673.5320547,serverless,5.0,5.0,47.581,False,200,
1787684673.7320545,serverless,5.0,5.0,52.271,False,200,
1787684673.9320545,serverless,5.0,5.0,52.458,False,200,
1787684674.1320546,serverless,5.0,5.0,44.517,False,200,
1787684674.3320546,serverless,5.0,5.0,1250.167,True,200,
1787684674.5320547,serverless,5.0,5.0,46.42,False,200,
1787684674.7320545,serverless,5.0,5.0,40.333,False,200,
1787684674.9320545,serverless,5.0,5.0,39.929,False,200,
1787684675.1320546,serverless,5.0,5.0,49.495,False,200,
1787684675.3320546,serverless,5.0,5.0,37.525,False,200,
1787684675.5320547,serverless,5.0,5.0,51.358,False,200,
1787684675.7320545,serverless,5.0,5.0,48.671,False,200,
1787684675.9320545,serverless,5.0,5.0,42.347,False,200,
1787684676.1320546,serverless,5.0,5.0,46.718,False,200,
1787684676.3320546,serverless,5.0,5.0,49.238,False,200,
1787684676.5320547,serverless,5.0,5.0,50.24,False,200,
1787684676.7320545,serverless,5.0,5.0,40.612,False,200,
1787684676.9320545,serverless,5.0,5.0,51.807,False,200,
1787684677.1320546,serverless,5.0,5.0,55.685,False,200,
1787684677.3320546,serverless,5.0,5.0,61.047,False,200,
1787684677.5320547,serverless,5.0,5.0,57.733,False,200,
1787684677.7320545,serverless,5.0,5.0,47.995,False,200,
1787684677.9320545,serverless,5.0,5.0,80.199,False,200,
1787684678.1320546,serverless,5.0,5.0,51.032,False,200,
1787684678.3320546,serverless,5.0,5.0,40.924,False,200,
1787684678.5320547,serverless,5.0,5.0,50.366,False,200,
1787684678.7320545,serverless,5.0,5.0,49.672,False,200,
1787684678.9320545,serverless,5.0,5.0,30.824,False,200,
1787684679.1320546,serverless,5.0,5.0,40.315,False,200,
1787684679.3320546,serverless,5.0,5.0,55.907,False,200,
1787684679.5320547,serverless,5.0,5.0,71.575,False,200,
1787684679.7320545,serverless,5.0,5.0,54.026,False,200,
1787684679.9320545,serverless,5.0,5.0,46.705,False,200,
1787684680.1320546,serverless,5.0,5.0,59.708,False,200,
1787684680.3320546,serverless,5.0,5.0,35.746,False,200,
1787684680.5320547,serverless,5.0,5.0,42.531,False,200,
1787684680.7320545,serverless,5.0,5.0,42.275,False,200,
1787684680.9320545,serverless,5.0,5.0,57.184,False,200,
1787684681.1320546,serverless,5.0,5.0,67.464,False,200,
1787684681.3320546,serverless,5.0,5.0,49.651,False,200,
1787684681.5320547,serverless,5.0,5.0,40.745,False,200,
1787684681.7320545,serverless,5.0,5.0,50.601,False,200,
1787684681.9320545,serverless,5.0,5.0,56.393,False,200,
1787684682.1320546,serverless,5.0,5.0,50.453,False,200,
1787684682.3320546,serverless,5.0,5.0,42.694,False,200,
1787684682.5320547,serverless,5.0,5.0,45.38,False,200,
1787684682.7320545,serverless,5.0,5.0,39.748,False,200,
1787684682.9320545,serverless,5.0,5.0,48.823,False,200,
1787684683.1320546,serverless,5.0,5.0,48.355,False,200,
1787684683.3320546,serverless,5.0,5.0,68.331,False,200,
1787684683.5320547,serverless,5.0,5.0,51.664,False,200,
1787684683.7320545,serverless,5.0,5.0,961.523,True,200,
1787684683.9320545,serverless,5.0,5.0,67.334,False,200,
1787684684.1320546,serverless,5.0,5.0,53.635,False,200,
1787684684.3320546,serverless,5.0,5.0,43.523,False,200,
1787684684.5320547,serverless,5.0,5.0,41.241,False,200,
1787684684.7320545,serverless,5.0,5.0,41.484,False,200,
1787684684.9320545,serverless,5.0,5.0,67.743,False,200,
1787684685.1320546,serverless,5.0,5.0,46.756,False,200,
1787684685.3320546,serverless,5.0,5.0,43.414,False,200,
1787684685.5320547,serverless,5.0,5.0,48.78,False,200,
1787684685.7320545,serverless,5.0,5.0,52.112,False,200,
1787684685.9320545,serverless,5.0,5.0,53.713,False,200,
1787684686.1320546,serverless,5.0,5.0,44.86,False,200,
1787684686.3320546,serverless,5.0,5.0,33.074,False,200,
1787684686.5320547,serverless,5.0,5.0,34.336,False,200,
1787684686.7320545,serverless,5.0,5.0,52.936,False,200,
1787684686.9320545,serverless,5.0,5.0,70.211,False,200,
1787684687.1320546,serverless,5.0,5.0,51.999,False,200,
1787684687.3320546,serverless,5.0,5.0,42.416,False,200,
1787684687.5320547,serverless,5.0,5.0,41.78,False,200,
1787684687.7320545,serverless,5.0,5.0,46.35,False,200,
1787684687.9320545,serverless,5.0,5.0,60.343,False,200,
1787684688.1320546,serverless,5.0,5.0,75.234,False,200,
1787684688.3320546,serverless,5.0,5.0,79.55,False,200,
1787684688.5320547,serverless,5.0,5.0,46.78,False,200,
1787684688.7320545,serverless,5.0,5.0,36.324,False,200,
1787684688.9320545,serverless,5.0,5.0,62.997,False,200,
1787684689.1320546,serverless,5.0,5.0,50.153,False,200,
1787684689.3320546,serverless,5.0,5.0,29.144,False,200,
1787684689.5320547,serverless,5.0,5.0,58.087,False,200,
1787684689.7320545,serverless,5.0,5.0,64.079,False,200,
1787684689.9320545,serverless,5.0,5.0,50.919,False,200,
1787684690.1320546,serverless,5.0,5.0,51.361,False,200,
1787684690.3320546,serverless,5.0,5.0,41.472,False,200,
1787684690.5320547,serverless,5.0,5.0,43.661,False,200,
1787684690.7320545,serverless,5.0,5.0,42.312,False,200,
1787684690.9320545,serverless,5.0,5.0,46.726,False,200,
1787684691.1320546,serverless,5.0,5.0,41.279,False,200,
1787684691.3320546,serverless,5.0,5.0,47.447,False,200,
1787684691.5320547,serverless,5.0,5.0,58.188,False,200,
1787684691.7320545,serverless,5.0,5.0,42.608,False,200,
1787684691.9320545,serverless,5.0,5.0,61.318,False,200,
1787684692.1320546,serverless,5.0,5.0,50.741,False,200,
1787684692.3320546,serverless,5.0,5.0,39.681,False,200,
1787684692.5320547,serverless,5.0,5.0,41.722,False,200,
1787684692.7320545,serverless,5.0,5.0,43.024,False,200,
1787684692.9320545,serverless,5.0,5.0,53.086,False,200,
1787684693.1320546,serverless,5.0,5.0,59.646,False,200,
1787684693.3320546,serverless,5.0,5.0,48.117,False,200,
1787684693.5320547,serverless,5.0,5.0,59.481,False,200,
1787684693.7320545,serverless,5.0,5.0,44.51,False,200,
1787684693.9320545,serverless,5.0,5.0,67.736,False,200,
1787684694.1320546,serverless,5.0,5.0,58.33,False,200,
1787684694.3320546,serverless,5.0,5.0,62.223,False,200,
1787684694.5320547,serverless,5.0,5.0,34.06,False,200,
1787684694.7320545,serverless,5.0,5.0,45.854,False,200,
1787684694.9320545,serverless,5.0,5.0,45.925,False,200,
1787684695.1320546,serverless,5.0,5.0,40.474,False,200,
1787684695.3320546,serverless,5.0,5.0,50.041,False,200,
1787684695.5320547,serverless,5.0,5.0,53.988,False,200,
1787684695.7320545,serverless,5.0,5.0,59.868,False,200,
1787684695.9320545,serverless,5.0,5.0,52.139,False,200,
1787684696.1320546,serverless,5.0,5.0,48.234,False,200,
1787684696.3320546,serverless,5.0,5.0,53.121,False,200,
1787684696.5320547,serverless,5.0,5.0,58.17,False,200,
1787684696.7320545,serverless,5.0,5.0,56.908,False,200,
1787684696.9320545,serverless,5.0,5.0,42.215,False,200,
1787684697.1320546,serverless,5.0,5.0,53.323,False,200,
1787684697.3320546,serverless,5.0,5.0,74.063,False,200,
1787684697.5320547,serverless,5.0,5.0,54.278,False,200,
1787684697.7320545,serverless,5.0,5.0,62.641,False,200,
1787684697.9320545,serverless,5.0,5.0,39.462,False,200,
1787684698.1320546,serverless,5.0,5.0,47.38,False,200,
1787684698.3320546,serverless,5.0,5.0,74.644,False,200,
1787684698.5320547,serverless,5.0,5.0,54.782,False,200,
1787684698.7320545,serverless,5.0,5.0,59.364,False,200,
1787684698.9320545,serverless,5.0,5.0,63.928,False,200,
1787684699.1320546,serverless,5.0,5.0,39.204,False,200,
1787684699.3320546,serverless,5.0,5.0,66.24,False,200,
1787684699.5320547,serverless,5.0,5.0,49.862,False,200,
1787684699.7320545,serverless,5.0,5.0,53.644,False,200,
1787684699.9320545,serverless,5.0,5.0,34.944,False,200,
1787684700.1320546,serverless,5.0,5.0,47.94,False,200,
1787684700.3320546,serverless,5.0,5.0,61.302,False,200,
1787684700.5320547,serverless,5.0,5.0,43.118,False,200,
1787684700.7320545,serverless,5.0,5.0,54.38,False,200,
1787684700.9320545,serverless,5.0,5.0,1703.041,True,200,
1787684701.1320546,serverless,5.0,5.0,57.08,False,200,
1787684701.3320546,serverless,5.0,5.0,59.371,False,200,
1787684701.5320547,serverless,5.0,5.0,53.163,False,200,
1787684701.7320545,serverless,5.0,5.0,61.786,False,200,
1787684701.9320545,serverless,5.0,5.0,71.268,False,200,
1787684702.1320546,serverless,5.0,5.0,35.86,False,200,
1787684702.3320546,serverless,5.0,5.0,55.458,False,200,
1787684702.5320547,serverless,5.0,5.0,60.011,False,200,
1787684702.7320545,serverless,5.0,5.0,55.544,False,200,
1787684702.9320545,serverless,5.0,5.0,48.57,False,200,
1787684703.1320546,serverless,5.0,5.0,39.704,False,200,
1787684703.3320546,serverless,5.0,5.0,46.604,False,200,
1787684703.5320547,serverless,5.0,5.0,40.87,False,200,
1787684703.7320545,serverless,5.0,5.0,59.085,False,200,
1787684703.9320545,serverless,5.0,5.0,43.442,False,200,
1787684704.1320546,serverless,5.0,5.0,36.528,False,200,
1787684704.3320546,serverless,5.0,5.0,47.331,False,200,
1787684704.5320547,serverless,5.0,5.0,48.116,False,200,
1787684704.7320545,serverless,5.0,5.0,29.477,False,200,
1787684704.9320545,serverless,5.0,5.0,40.204,False,200,
1787684705.1320546,serverless,5.0,5.0,50.642,False,200,
1787684705.3320546,serverless,5.0,5.0,46.948,False,200,
1787684705.5320547,serverless,5.0,5.0,41.967,False,200,
1787684705.7320545,serverless,5.0,5.0,54.909,False,200,
1787684705.9320545,serverless,5.0,5.0,46.804,False,200,
1787684706.1320546,serverless,5.0,5.0,62.496,False,200,
1787684706.3320546,serverless,5.0,5.0,54.371,False,200,
1787684706.5320547,serverless,5.0,5.0,52.42,False,200,
1787684706.7320545,serverless,5.0,5.0,53.815,False,200,
1787684706.9320545,serverless,5.0,5.0,41.942,False,200,
1787684707.1320546,serverless,5.0,5.0,53.791,False,200,
1787684707.3320546,serverless,5.0,5.0,66.664,False,200,
1787684707.5320547,serverless,5.0,5.0,52.769,False,200,
1787684707.7320545,serverless,5.0,5.0,42.918,False,200,
1787684707.9320545,serverless,5.0,5.0,52.478,False,200,
1787684708.1320546,serverless,5.0,5.0,48.764,False,200,
1787684708.3320546,serverless,5.0,5.0,45.587,False,200,
1787684708.5320547,serverless,5.0,5.0,50.376,False,200,
1787684708.7320545,serverless,5.0,5.0,58.525,False,200,
1787684708.9320545,serverless,5.0,5.0,47.227,False,200,
1787684709.1320546,serverless,5.0,5.0,42.262,False,200,
1787684709.3320546,serverless,5.0,5.0,54.666,False,200,
1787684709.5320547,serverless,5.0,5.0,37.779,False,200,
1787684709.7320545,serverless,5.0,5.0,57.725,False,200,
1787684709.9320545,serverless,5.0,5.0,42.907,False,200,
1787684710.1320546,serverless,5.0,5.0,46.75,False,200,
1787684710.3320546,serverless,5.0,5.0,43.588,False,200,
1787684710.5320547,serverless,5.0,5.0,58.581,False,200,
1787684710.7320545,serverless,5.0,5.0,49.974,False,200,
1787684710.9320545,serverless,5.0,5.0,44.386,False,200,
1787684711.1320546,serverless,5.0,5.0,55.56,False,200,
1787684711.3320546,serverless,5.0,5.0,51.547,False,200,
1787684711.5320547,serverless,5.0,5.0,46.359,False,200,
1787684711.7320545,serverless,5.0,5.0,49.56,False,200,
1787684711.9320545,serverless,5.0,5.0,45.482,False,200,
1787684712.1320546,serverless,5.0,5.0,55.225,False,200,
1787684712.3320546,serverless,5.0,5.0,54.565,False,200,
1787684712.5320547,serverless,5.0,5.0,43.82,False,200,
1787684712.7320545,serverless,5.0,5.0,42.755,False,200,
1787684712.9320545,serverless,5.0,5.0,42.32,False,200,
1787684713.1320546,serverless,5.0,5.0,56.882,False,200,
1787684713.3320546,serverless,5.0,5.0,43.051,False,200,
1787684713.5320547,serverless,5.0,5.0,38.875,False,200,
1787684713.7320545,serverless,5.0,5.0,34.711,False,200,
1787684713.9320545,serverless,5.0,5.0,60.887,False,200,
1787684714.1320546,serverless,5.0,5.0,49.14,False,200,
1787684714.3320546,serverless,5.0,5.0,47.567,False,200,
1787684714.5320547,serverless,5.0,5.0,43.584,False,200,
1787684714.7320545,serverless,5.0,5.0,44.521,False,200,
1787684714.9320545,serverless,5.0,5.0,39.656,False,200,
1787684715.1320546,serverless,5.0,5.0,51.088,False,200,
1787684715.3320546,serverless,5.0,5.0,45.702,False,200,
1787684715.5320547,serverless,5.0,5.0,40.675,False,200,
1787684715.7320545,serverless,5.0,5.0,48.565,False,200,
1787684715.9320545,serverless,5.0,5.0,35.956,False,200,
1787684716.1320546,serverless,5.0,5.0,61.87,False,200,
1787684716.3320546,serverless,5.0,5.0,43.706,False,200,
1787684716.5320547,serverless,5.0,5.0,54.187,False,200,
1787684716.7320545,serverless,5.0,5.0,37.494,False,200,
1787684716.9320545,serverless,5.0,5.0,51.481,False,200,
1787684717.1320546,serverless,5.0,5.0,55.883,False,200,
1787684717.3320546,serverless,5.0,5.0,45.495,False,200,
1787684717.5320547,serverless,5.0,5.0,55.994,False,200,
1787684717.7320545,serverless,5.0,5.0,50.239,False,200,
1787684717.9320545,serverless,5.0,5.0,70.34,False,200,
1787684718.1320546,serverless,5.0,5.0,58.705,False,200,
1787684718.3320546,serverless,5.0,5.0,38.082,False,200,
1787684718.5320547,serverless,5.0,5.0,49.336,False,200,
1787684718.7320545,serverless,5.0,5.0,60.855,False,200,
1787684718.9320545,serverless,5.0,5.0,44.563,False,200,
1787684719.1320546,serverless,5.0,5.0,36.515,False,200,
1787684719.3320546,serverless,5.0,5.0,33.223,False,200,
1787684719.5320547,serverless,5.0,5.0,58.501,False,200,
1787684719.7320545,serverless,5.0,5.0,47.896,False,200,
1787684719.9320545,serverless,5.0,5.0,47.505,False,200,
1787684720.1320546,serverless,5.0,5.0,59.817,False,200,
1787684720.3320546,serverless,5.0,5.0,50.195,False,200,
1787684720.5320547,serverless,5.0,5.0,47.652,False,200,
1787684720.7320545,serverless,5.0,5.0,47.703,False,200,
1787684720.9320545,serverless,5.0,5.0,48.683,False,200,
1787684721.1320546,serverless,5.0,5.0,48.139,False,200,
1787684721.3320546,serverless,5.0,5.0,75.715,False,200,
1787684721.5320547,serverless,5.0,5.0,55.467,False,200,
1787684721.7320545,serverless,5.0,5.0,42.457,False,200,
1787684721.9320545,serverless,5.0,5.0,49.962,False,200,
