rate_rps,serverless_per_1k,container_per_1k,managed_per_1k,serverless_monthly,container_monthly,managed_monthly
0.01,0.004847557132000956,0.5777777777777777,1.8055555555555556,0.0,15.184,47.45
0.010186289902446875,0.004847201873012063,0.5672112057590156,1.7725350179969241,0.0,15.184,47.45
0.010376050197669117,0.004846840029926317,0.5568378783552629,1.740118369860197,0.0,15.184,47.45
0.010569345535579883,0.004846471481364591,0.5466542614514667,1.7082945670358334,0.0,15.184,47.45
0.010766241770454934,0.004846096103734382,0.5366568855655222,1.6770527673922566,0.0,15.184,47.45
0.010966805983368685,0.00484571377119036,0.5268423446662465,1.6463823270820201,0.0,15.184,47.45
0.011171106505048241,0.004845324355594253,0.5172072950129685,1.6162727969155266,0.0,15.184,47.45
0.01137921293915315,0.00484492772647406,0.5077484540163429,1.5867139188010717,0.0,15.184,47.45
0.011591196185988858,0.004844523750982561,0.4984625991199949,1.5576956222499843,0.0,15.184,47.45
0.011807128466661904,0.004844112293855142,0.48934656670262044,1.529208020945689,0.0,15.184,47.45
0.01202708334768512,0.004843693217366907,0.48039725100016367,1.5012414093755115,0.0,15.184,47.45
0.01225113576604119,0.004843266381289064,0.4716116030477065,1.473786259524083,0.0,15.184,47.45
0.012479362054713113,0.004842831642844598,0.462986629640709,1.4468332176272158,0.0,15.184,47.45
0.012711839968690289,0.004842388856663183,0.4545193923152469,1.4203731009851468,0.0,15.184,47.45
0.012948648711459043,0.004841937874735359,0.4462070063468995,1.394396894834061,0.0,15.184,47.45
0.013189868961986699,0.004841478546365939,0.43804663976794433,1.3688957492748262,0.0,15.184,47.45
0.013435582902208256,0.004841010718126654,0.43003551240252846,1.3438609762579015,0.0,15.184,47.45
0.013685874245025185,0.004840534233808,0.4221708949194824,1.3192840466233826,0.0,15.184,47.45
0.013940828262825779,0.004840048934370305,0.41445010790245784,1.2951565871951807,0.0,15.184,47.45
0.014200531816536825,0.00483955465789398,0.4068705209370702,1.2714703779283445,0.0,15.184,47.45
0.014465073385216465,0.004839051239528965,0.39942955171473643,1.2482173491085513,0.0,15.184,47.45
0.01473454309619835,0.0048385385114433415,0.39212466515290173,1.225389578602818,0.0,15.184,47.45
0.015009032755797357,0.0048380163027711,0.3849533725313555,1.202979289160486,0.0,15.184,47.45
0.015288635880587303,0.004837484439559078,0.3779132306443437,1.1809788457635741,0.0,15.184,47.45
0.015573447729261343,0.004836942744713015,0.3710018409681862,1.159380753025582,0.0,15.184,47.45
0.015863565335085903,0.004836391037942748,0.3642168488441183,1.1381776526378697,0.0,15.184,47.45
0.016159087538959182,0.004835829135706525,0.35755594267607566,1.1173623208627366,0.0,15.184,47.45
0.016460115023085507,0.00483525685115441,0.35101685314315095,1.0969276660723468,0.0,15.184,47.45
0.016766750345277002,0.004834673994070807,0.34459735242645334,1.0768667263326668,0.0,15.184,47.45
0.017079097973894276,0.004834080370816033,0.33829525345010725,1.0571726670315853,0.0,15.184,47.45
0.017397264323438015,0.004833475784266993,0.33210840913613154,1.0378387785504113,0.0,15.184,47.45
0.017721357790803593,0.004832860033756896,0.3260347116729468,1.0188584739779585,0.0,15.184,47.45
0.018051488792211093,0.00483223291501402,0.32007209179725876,1.0002252868664339,0.0,15.184,47.45
0.018387769800823277,0.0048315942200995304,0.3142185180890773,0.9819328690283664,0.0,15.184,47.45
0.018730315385064374,0.004830943737344295,0.3084719962796248,0.9639749883738277,0.0,15.184,47.45
0.019079242247652662,0.004830281251284741,0.3028305685719056,0.9463455267872052,0.0,15.184,47.45
0.0194346692653602,0.004829606542597696,0.2972923129736982,0.9290384780428068,0.0,15.184,47.45
0.019796717529513327,0.0048289193880342255,0.2918553426427465,0.9120479457585828,0.0,15.184,47.45
0.020165510387247464,0.004828219560352454,0.28651780524392806,0.8953681413872752,0.0,15.184,47.45
0.020541173483530642,0.004827506828249346,0.2812778823181764,0.8789933822443013,0.0,15.184,47.45
0.020923834803969768,0.004826780956291457,0.27613378866294574,0.8629180895717056,0.0,15.184,47.45
0.021313624718414376,0.004826041704844609,0.2710837717240061,0.8471367866375192,0.0,15.184,47.45
0.02171067602537265,0.004825288830002533,0.266126110998361,0.8316440968698782,0.0,15.184,47.45
0.022115123997254887,0.004824522083514404,0.261259117448085,0.8164347420252657,0.0,15.184,47.45
0.022527106426459803,0.00482374121271131,0.256481132924881,0.8015035403902531,0.0,15.184,47.45
0.022946763672319362,0.004822945960431615,0.2517905296051617,0.7868454050161303,0.0,15.184,47.45
0.02337423870891815,0.004822136064945221,0.24718570943546234,0.7724553419858198,0.0,15.184,47.45
0.023809677173803584,0.0048213112598767035,0.24266510358799548,0.7583284487124858,0.0,15.184,47.45
0.02425322741760353,0.00482047127412733,0.23822717192616344,0.7444599122692608,0.0,15.184,47.45
0.024705040554568253,0.004819615831795926,0.23387040247984528,0.7308450077495166,0.0,15.184,47.45
0.025165270514053917,0.004818744652098609,0.22959331093027957,0.7174790966571237,0.0,15.184,47.45
0.02563407409296515,0.00481785744928736,0.2253944401043685,0.7043576253261516,0.0,15.184,47.45
0.026111611009174595,0.0048169539325674205,0.22127235947822957,0.6914761233694674,0.0,15.184,47.45
0.026598043955937584,0.004816033806013526,0.21722566468982699,0.6788302021557094,0.0,15.184,47.45
0.027093538657320514,0.004815096768484947,0.21325297706051607,0.6664155533141128,0.0,15.184,47.45
0.027598263924661803,0.004814142513539348,0.20935294312533753,0.6542279472666799,0.0,15.184,47.45
0.028112391714084643,0.004813170729345429,0.20552423417190227,0.6422632317871947,0.0,15.184,47.45
0.028636097185081158,0.0048121810985943805,0.201765545787709,0.6305173305865907,0.0,15.184,47.45
0.02916955876018796,0.004811173298410103,0.19807559741574052,0.6189862419241892,0.0,15.184,47.45
0.029712958185773342,0.004810147000258218,0.19445313191818767,0.6076660372443365,0.0,15.184,47.45
0.03026648059395692,0.004809101869853843,0.1908969151481518,0.5965528598379745,0.0,15.184,47.45
0.03083031456568277,0.004808037567068139,0.18740573552918025,0.5856429235286883,0.0,15.184,47.45
0.03140465219496752,0.004806953745833604,0.18397840364249107,0.5749325113827847,0.0,15.184,47.45
0.03198968915434538,0.004805850054048139,0.18061375182174733,0.5644179744429604,0.0,15.184,47.45
0.03258562476153226,0.004804726133477848,0.17731063375524156,0.55409573048513,0.0,15.184,47.45
0.0331926620473319,0.004803581619658598,0.17406792409535612,0.543962262797988,0.0,15.184,47.45
0.03381100782480685,0.004802416141796308,0.17088451807516575,0.534014118984893,0.0,15.184,47.45
0.034440872759738235,0.004801229322665993,0.16775933113205146,0.5242479097876608,0.0,15.184,47.45
0.03508247144239792,0.004800020778509529,0.16469129853819847,0.5146603079318702,0.0,15.184,47.45
0.035736022460657886,0.00479879011893218,0.16167937503785113,0.5052480469932848,0.0,15.184,47.45
0.03640174847446141,0.004797536946797832,0.15872253449120244,0.4960079202850076,0.0,15.184,47.45
0.037079876291681704,0.004796260858122984,0.15581976952479565,0.48693677976498645,0.0,15.184,47.45
0.03777063694539366,0.004794961441969477,0.15297009118831947,0.47803153496349843,0.0,15.184,47.45
0.03847426577258504,0.004793638280335944,0.15017252861768066,0.46928915193025206,0.0,15.184,47.45
0.03919100249433404,0.004792290948048031,0.14742612870423735,0.4607066522007418,0.0,15.184,47.45
0.03992109129748051,0.004790919012647338,0.14472995577008246,0.4522811117815077,0.0,15.184,47.45
0.04066478091781856,0.004789522034279136,0.1420830912492648,0.4440096601539526,0.0,15.184,47.45
0.041422324724838956,0.004788099565578817,0.1394846333748411,0.4358894792963785,0.0,15.184,47.45
0.042193980808050265,0.00478665115155713,0.13693369687165008,0.4279178027239066,0.0,15.184,47.45
0.042980012064907966,0.00478517632948418,0.1344294126547065,0.42009191454595785,0.0,15.184,47.45
0.04378068629038169,0.004783674628772207,0.13197092753310982,0.4124091485409683,0.0,15.184,47.45
0.04459627626819093,0.00478214557085717,0.12955740391936887,0.4048668872480278,0.0,15.184,47.45
0.04542705986374045,0.004780588669079127,0.1271880195440418,0.39746256107513067,0.0,15.184,47.45
0.04627332011878691,0.00477900342856143,0.12486196717559513,0.39019364742373486,0.0,15.184,47.45
0.04713534534786907,0.004777389346088772,0.12257845434538614,0.3830576698293317,0.0,15.184,47.45
0.048013429236534504,0.004775745909984068,0.12033670307767427,0.37605219711773213,0.0,15.184,47.45
0.0489078709413959,0.0047740725999842115,0.11813594962457125,0.3691748425767851,0.0,15.184,47.45
0.0498189751920516,0.0047723688871147175,0.1159754442058374,0.36242326314324186,0.0,15.184,47.45
0.05074705239490466,0.004770634233563287,0.11385445075343735,0.35579515860449173,0.0,15.184,47.45
0.05169241873891599,0.004768868092552283,0.1117722466607671,0.3492882708148972,0.0,15.184,47.45
0.05265539630332756,0.004767069908210195,0.10972812253646737,0.3429003829264605,0.0,15.184,47.45
0.0536363131673924,0.004765239115442064,0.10772138196273924,0.33662931863356016,0.0,15.184,47.45
0.05463550352214876,0.004763375139798943,0.10575134125807988,0.3304729414314996,0.0,15.184,47.45
0.05565330778427646,0.004761477397346391,0.10381732924435721,0.3244291538886163,0.0,15.184,47.45
0.05669007271207434,0.004759545294532064,0.10191868701814483,0.3184958969317026,0.0,15.184,47.45
0.0577461515235982,0.004757578228052408,0.10005476772623825,0.3126711491444946,0.0,15.184,47.45
0.058821904016999556,0.004755575584718524,0.09822493634527704,0.3069529260789908,0.0,15.184,47.45
0.05991769669310619,0.004753536741321223,0.09642856946539698,0.30133927957936557,0.0,15.184,47.45
0.06103390288028621,0.004751461064495319,0.09466505507783912,0.29582829711824726,0.0,15.184,47.45
0.06217090286163827,0.004749347910583223,0.09293379236644284,0.29041810114513383,0.0,15.184,47.45
0.06332908400455114,0.004747196625497868,0.09123419150295237,0.28510684844672624,0.0,15.184,47.45
0.06450884089267693,0.00474500654458502,0.08956567344606672,0.27989272951895855,0.0,15.184,47.45
0.0657105754603627,0.004742776992485045,0.08792766974416459,0.27477396795051434,0.0,15.184,47.45
0.0669346971295866,0.004740507282994178,0.0863196223416371,0.269748819817616,0.0,15.184,47.45
0.0681816229494448,0.004738196718925358,0.08474098338876263,0.26481557308988324,0.0,15.184,47.45
0.06945177773823696,0.00473584459196869,0.08319121505505823,0.25997254704705697,0.0,15.184,47.45
0.07074559422819879,0.004733450182551624,0.08166978934604507,0.25521809170639087,0.0,15.184,47.45
0.07206351321293053,0.004731012759698897,0.08017618792336449,0.25055058726051405,0.0,15.184,47.45
0.07340598369757212,0.004728531580892331,0.07870990192818403,0.2459684435255751,0.0,15.184,47.45
0.07477346305177589,0.0047260058919305565,0.0772704318078331,0.24147009939947847,0.0,15.184,47.45
0.07616641716552892,0.004723434926788776,0.07585728714560909,0.23705402233002845,0.0,15.184,47.45
0.07758532060787836,0.004720817907478603,0.07446998649369604,0.23271870779280013,0.0,15.184,47.45
0.07903065678861348,0.004718154043908126,0.07310805720913892,0.22846267877855916,0.0,15.184,47.45
0.08050291812295982,0.004715442533742259,0.07177103529281789,0.2242844852900559,0.0,15.184,47.45
0.08200260619934131,0.004712682562263505,0.07045846523136709,0.22018270384802216,0.0,15.184,47.45
0.08353023195026779,0.004709873302233214,0.06916989984198475,0.21615593700620236,0.0,15.184,47.45
0.08508631582640581,0.00470701391375348,0.06790490012008127,0.212202812875254,0.0,15.184,47.45
0.08667138797389233,0.004704103544129775,0.06666303508971373,0.20832198465535545,0.0,15.184,47.45
0.0882859884149515,0.004701141327734442,0.06544388165675555,0.2045121301773611,0.0,15.184,47.45
0.08993066723187623,0.004698126385871195,0.0642470244647515,0.20077195145234844,0.0,15.184,47.45
0.0916059847544371,0.004695057826640744,0.06307205575340885,0.19710017422940268,0.0,15.184,47.45
0.09331251175078249,0.004691934744807693,0.06191857521967655,0.19349554756148923,0.0,15.184,47.45
0.09505082962189507,0.004688756221668862,0.06078618988136491,0.18995684337926536,0.0,15.184,47.45
0.0968215305996708,0.0046855213249231776,0.05967451394325946,0.18648285607268583,0.0,15.184,47.45
0.0986252179486878,0.0046822291085433145,0.05858316866568354,0.1830724020802611,0.0,15.184,47.45
0.10046250617173408,0.004678878612649218,0.05751178223546449,0.17972431948582654,0.0,15.184,47.45
0.10233402121916417,0.004675468863383724,0.056459989639259564,0.17643746762268614,0.0,15.184,47.45
0.10424040070215564,0.004671998872790438,0.05542743253919875,0.17321072668499612,0.0,15.184,47.45
0.10618229410993842,0.004668467638694056,0.05441375915080168,0.17004299734625528,0.0,15.184,47.45
0.108160363031071,0.0046648741445833395,0.05341862412312731,0.16693320038477288,0.0,15.184,47.45
0.11017528137883868,0.004661217359496947,0.052441688421115414,0.16388027631598567,0.0,15.184,47.45
0.11222773562085077,0.004657496237912329,0.05148261921007987,0.16088318503149962,0.0,15.184,47.45
0.11431842501291498,0.0046537097196379185,0.05054108974231443,0.15794090544473258,0.0,15.184,47.45
0.11644806183726861,0.004649856729708833,0.049616779245772125,0.1550524351430379,0.0,15.184,47.45
0.11861737164524785,0.0046459361782863525,0.048709372814780716,0.15221679004618976,0.0,15.184,47.45
0.12082709350447765,0.0046419469605613935,0.047818561302756676,0.14943300407111462,0.0,15.184,47.45
0.12307798025066652,0.004637887956662266,0.046944041216881185,0.1467001288027537,0.0,15.184,47.45
0.12537079874409204,0.004633758031566956,0.046085514614702484,0.14401723317094528,0.0,15.184,47.45
0.1277063301308644,0.004629556035020233,0.04524268900262908,0.14138340313321587,0.0,15.184,47.45
0.13008537010905713,0.004625280801455867,0.04441527723627934,0.13879774136337295,0.0,15.184,47.45
0.1325087291997953,0.004620931149924231,0.04360299742265359,0.13625936694579246,0.0,15.184,47.45
0.13497723302339418,0.0046165058840256495,0.04280557282409528,0.13376741507529774,0.0,15.184,47.45
0.1374917225806419,0.004612003791849756,0.04202273176400844,0.1313210367625264,0.0,15.184,47.45
0.14005305453932196,0.004607423645921239,0.04125420753429966,0.12891939854468645,0.0,15.184,47.45
0.1426621015260737,0.0046027642031522846,0.0404997383045125,0.12656168220160155,0.0,15.184,47.45
0.14531975242368955,0.004598024204802117,0.039759067032623864,0.1242470844769496,0.0,15.184,47.45
0.14802691267395085,0.004593202376443949,0.039031941377471735,0.12197481680459919,0.0,15.184,47.45
0.1507845045861051,0.004588297427939776,0.03831811361278435,0.1197441050399511,0.0,15.184,47.45
0.1535934676510897,0.004583308053423371,0.03761734054278178,0.11755418919619307,0.0,15.184,47.45
0.1564547588616096,0.004578232931291911,0.036929383419320914,0.11540432318537787,0.0,15.184,47.45
0.15936935303817745,0.004573070724206641,0.0362540078605558,0.11329377456423688,0.0,15.184,47.45
0.16233824316122783,0.004567820079103017,0.03559098377108542,0.11122182428464193,0.0,15.184,47.45
0.16536244070941805,0.004562479627210781,0.034940085263561974,0.10918776644863118,0.0,15.184,47.45
0.16844297600423153,0.004557047984084406,0.034301090581732724,0.10719090806791477,0.0,15.184,47.45
0.17158089856100048,0.004551523749644425,0.03367378202488933,0.10523056882777918,0.0,15.184,47.45
0.1747772774464681,0.004545905508230102,0.03305794587369878,0.1033060808553087,0.0,15.184,47.45
0.1780332016430114,0.00454019182866398,0.03245337231739089,0.10141678849184656,0.0,15.184,47.45
0.18134978041964953,0.004534381264328791,0.0318598553822773,0.09956204806961658,0.0,15.184,47.45
0.1847281437099634,0.0045284723532573136,0.031277192861577756,0.0977412276924305,0.0,15.184,47.45
0.18816944249705556,0.004522463618235677,0.030705186246529834,0.09595370702040575,0.0,15.184,47.45
0.1916748492056815,0.004516353566920742,0.030143640658758453,0.09419887705862018,0.0,15.184,47.45
0.1952455581016861,0.004510140691972067,0.02959236478388228,0.09247613994963214,0.0,15.184,47.45
0.198882785698881,0.004503823471199146,0.029051170806334327,0.09078490876979477,0.0,15.184,47.45
0.2025877711735017,0.004497400367724461,0.02851987434537463,0.08912460732929572,0.0,15.184,47.45
0.20636177678638587,0.004490869830163036,0.027998294392273082,0.0874946699758534,0.0,15.184,47.45
0.21020608831301585,0.004484230292819111,0.027486253248641138,0.08589454140200356,0.0,15.184,47.45
0.21412201548157295,0.004477480175900619,0.026983576465891265,0.08432367645591023,0.0,15.184,47.45
0.21811089241915188,0.004470617885752162,0.026490092785803675,0.0827815399556365,0.0,15.184,47.45
0.22217407810628836,0.004463641815107149,0.026005634082179836,0.08126760650681199,0.0,15.184,47.45
0.22631295683995284,0.004456550343359871,0.02553003530356323,0.07978136032363509,0.0,15.184,47.45
0.23052893870517072,0.004449341836858197,0.025063134417007506,0.07832229505314846,0.0,15.184,47.45
0.2348234600554275,0.004442014649217688,0.024604772352873075,0.07688991360272836,0.0,15.184,47.45
0.23919798400202386,0.004434567121657863,0.02415479295063328,0.07548372797072901,0.0,15.184,47.45
0.2436540009125465,0.004426997583361445,0.023713042905671663,0.07410325908022396,0.0,15.184,47.45
0.2481930289186254,0.004419304351857352,0.02327937171705224,0.07274803661578826,0.0,15.184,47.45
0.2528166144331499,0.0044114857334282866,0.022853631636244955,0.0714175988632655,0.0,15.184,47.45
0.25752633267712,0.004403540023543753,0.022435677616788843,0.07011149255246513,0.0,15.184,47.45
0.26232378821631225,0.0043954655073193535,0.022025367264875806,0.0688292727027369,0.0,15.184,47.45
0.2672106155079434,0.00438726046000324,0.02162256079083812,0.06757050247136914,0.0,15.184,47.45
0.27218847945751784,0.004378923147490619,0.0212271209615231,0.06633475300475969,0.0,15.184,47.45
0.27725907598604826,0.0043704518268671945,0.020838913053538837,0.06512160329230889,0.0,15.184,47.45
0.28242413260784344,0.004361844746982485,0.0204578048073549,0.06393064002298407,0.0,15.184,47.45
0.28768540901905926,0.004353100149053941,0.020083666382242547,0.06276145744450796,0.0,15.184,47.45
0.2930446976972143,0.00434421626730282,0.019716370312038926,0.06161365722512165,0.0,15.184,47.45
0.2985038245118731,0.00433519132962277,0.01935579146172033,0.06048684831787604,0.0,15.184,47.45
0.3040646493467067,0.004326023558282101,0.019001806984769623,0.059380646827405084,0.0,15.184,47.45
0.3097290667331408,0.004316711170660734,0.01865429628132334,0.05829467587913544,0.0,15.184,47.45
0.3154990064958087,0.00430725238002284,0.01831314095708423,0.05722856549088822,0.0,15.184,47.45
0.3213764344100277,0.004297645396326138,0.017978224782985202,0.056181952446828755,0.0,15.184,47.45
0.32736335287152457,0.004287888427068922,0.017649433655590935,0.055154480173721675,0.0,15.184,47.45
0.3334618015786364,0.004277979678175812,0.017326655558223727,0.05414579861944915,0.0,15.184,47.45
0.3396738582272208,0.004267917354923262,0.017009780522800205,0.05315556413375064,0.0,15.184,47.45
0.3460016392185109,0.004257699662905899,0.016698700592366063,0.05218343935114395,0.0,15.184,47.45
0.3524473003801584,0.004247324809044692,0.016393309784315906,0.051229093075987206,0.0,15.184,47.45
0.35901303770070686,0.004236791002638033,0.016093504054285775,0.05029220016964305,0.0,15.184,47.45
0.3657010880777489,0.004226096456456781,0.015799181260706032,0.04937244143970636,0.0,15.184,47.45
0.372513730080021,0.0042152393878842785,0.015510241130002466,0.0484695035312577,0.0,15.184,47.45
0.37945328472369383,0.004204218020102448,0.015226585222433841,0.047583078820105755,0.0,15.184,47.45
0.38652211626312616,0.004193030583324966,0.014948116898554227,0.04671286530798196,0.003156024307899107,15.184,47.45
0.3937226329963479,0.004181675316078558,0.014674741286288642,0.04585856651965201,0.006940615902880463,15.184,47.45
0.4010572880855496,0.00417015046653347,0.014406365248610865,0.04501989140190896,0.010795710617764853,15.184,47.45
0.4085285803928561,0.004158454293884101,0.014142897351812336,0.04419655422441355,0.014722621854485198,15.184,47.45
0.41613905533167067,0.004146585069780818,0.01388424783435138,0.04338827448234806,0.018722687482326104,15.184,47.45
0.4238913057338779,0.004134541079813938,0.013630328576272121,0.04259477680085038,0.02279727029372621,15.184,47.45
0.43178797273320213,0.004122320625050843,0.01338105306918267,0.041815790841195855,0.026947758468571024,15.184,47.45
0.4398317466650224,0.004109922023627169,0.013136336386782367,0.0410510512086949,0.031175566047135738,15.184,47.45
0.44802536798294895,0.004097343612393004,0.012896095155928022,0.04030029736227507,0.03548213341183797,15.184,47.45
0.45637162819247584,0.004084583748614967,0.012660247528229309,0.0395632735257166,0.039868927777965316,15.184,47.45
0.4648733708020257,0.00407164081173504,0.012428713152163633,0.03883972860051136,0.04433744369354467,15.184,47.45
0.4735334922917116,0.004058513205186963,0.012201413145700968,0.038129416080315524,0.048889203548523594,15.184,47.45
0.48235494310014676,0.004045199358270981,0.011978270069429333,0.03743209396696667,0.05352575809343713,15.184,47.45
0.4913407286296362,0.004031697728087675,0.011759207900171783,0.036747524688036826,0.05824868696773676,15.184,47.45
0.5004939102700954,0.004018006801531561,0.011544152005085847,0.036075475015893275,0.06305959923796212,15.184,47.45
0.5098176064420424,0.004004125097345093,0.011333029116236714,0.03541571598823974,0.0679601339459375,15.184,47.45
0.5193149936590212,0.003990051168233631,0.01112576730563537,0.03476802283011053,0.07295196066718157,15.184,47.45
0.5289893076098151,0.003975783603041902,0.010922295960733278,0.0341321748772915,0.07803678007971881,15.184,47.45
0.5388438442608223,0.003961321028992375,0.010722545760365222,0.03350795550114132,0.08321632454348821,15.184,47.45
0.5488819609789671,0.003946662113985912,0.010526448651132076,0.032895152034787746,0.08849235869054514,15.184,47.45
0.559107077675529,0.003931805568964997,0.01033393782421556,0.03229355570067363,0.09386668002625806,15.184,47.45
0.5695226779712822,0.00391675015033971,0.010144947692616937,0.03170296153942793,0.09934111954170591,15.184,47.45
0.5801323103833376,0.0039014946624765746,0.00995941386881203,0.031123168340037595,0.10491754233748223,15.184,47.45
0.5909395895340968,0.003886037960250252,0.009777273142814888,0.03055397857129653,0.11059784825912122,15.184,47.45
0.6019481973827271,0.003870378951657997,0.009598463460642586,0.029995198314508083,0.11638397254436136,15.184,47.45
0.6131618844795772,0.003854516600496651,0.009422923903173926,0.029446637197418524,0.12227788648246578,15.184,47.45
0.6245844712439614,0.0038384499291018123,0.00925059466539473,0.028908108329358532,0.12828159808582612,15.184,47.45
0.6362198492657486,0.003822178021148744,0.009081417036022723,0.02837942823757101,0.13439715277407746,15.184,47.45
0.6480719826311968,0.0038057000245143896,0.008915333377505044,0.02786041680470326,0.14062663407095702,15.184,47.45
0.6601449092734887,0.0037890151541997304,0.008752287106381557,0.027350897207442368,0.14697216431414564,15.184,47.45
0.6724427423484246,0.003772122695311635,0.008592222674007291,0.02685069585627279,0.153435905378332,15.184,47.45
0.6849696716357443,0.0037550220061030558,0.008435085547627437,0.026359642336335743,0.16002005941174718,15.184,47.45
0.6977299649665535,0.0037377125210704075,0.008280822191798431,0.0258775693493701,0.16672686958642052,15.184,47.45
0.7107279696773415,0.0037201937541066596,0.00812938005014885,0.025404312656715156,0.17355862086241072,15.184,47.45
0.7239681140910873,0.003702465301708565,0.007980707527473837,0.02493971102335574,0.18051764076627544,15.184,47.45
0.737454909025955,0.0036845268462362166,0.007834753972156997,0.024483606162990616,0.27404909399197963,15.184,47.45
0.7511929493320965,0.0036663781592229175,0.007691469658913781,0.02403584268410557,0.371245707101175,15.184,47.45
0.7651869154570822,0.003648019104733149,0.007550805771850449,0.023596268037032655,0.46916252594190677,15.184,47.45
0.7794415750404947,0.003629449642766175,0.007412714387832855,0.023164732461977675,0.5677846903188136,15.184,47.45
0.793961784538228,0.003610669832702606,0.0072771484601594025,0.022741088937998134,0.6670965939373816,15.184,47.45
0.8087524908770453,0.0035916798367909815,0.00714406180253258,0.022325193132914315,0.7670818779419211,15.184,47.45
0.8238187331399606,0.0035724799236711833,0.00701340907332363,0.021916903354136347,0.8677234254823438,15.184,47.45
0.8391656442830157,0.0035530704719312425,0.0068851457601250094,0.021516080500390656,0.9690033573882736,15.184,47.45
0.854798452884041,0.0035334519736937814,0.006759228164585331,0.02112258801432916,1.0709030290318131,15.184,47.45
0.8707224849239917,0.0035136250382281093,0.006635613387521672,0.020736291836005227,1.17340302846311,15.184,47.45
0.8869431656014709,0.0034935903955836396,0.006514259314304135,0.020357060357200425,1.2764831759056727,15.184,47.45
0.9034660211810525,0.0034733489002400316,0.006395124600507719,0.01998476437658663,1.3801225247010147,15.184,47.45
0.920296680876041,0.0034529015347691196,0.0062781686578265656,0.01961927705570802,1.4842993637950157,15.184,47.45
0.9374408787662991,0.003432249413503396,0.006163351640245847,0.019260473875768274,1.588991221860831,15.184,47.45
0.9549044557518078,0.0034113937862054514,0.006050634430466515,0.018908232595207863,1.6941748731558042,15.184,47.45
0.9726933615426169,0.0033903360417324594,0.0059399786265783355,0.0185624332080573,1.7998263452121421,15.184,47.45
0.9908136566858666,0.00336907771168944,0.005831346528976637,0.01822295790305199,1.9059209284634306,15.184,47.45
1.0092715146305709,0.003347620474064685,0.005724701127518346,0.01788969102349483,2.0124331879111836,15.184,47.45
1.0280732238308647,0.0033259661568403307,0.0056200060889129025,0.017562519027852823,2.1193369769375194,15.184,47.45
1.0472251898884344,0.003304116741570763,0.005517225744343783,0.017241330451074323,2.226605453371932,15.184,47.45
1.066733937734857,0.003282074366921089,0.0054163250773164,0.016926015866613752,2.334211097921567,15.184,47.45
1.0866061138545968,0.0032598413321575847,0.005317269711728243,0.01661646784915076,2.4421257350758108,15.184,47.45
1.1068484885494119,0.0032374201005816246,0.005220025900157198,0.016312580937991244,2.5503205565970575,15.184,47.45
1.127467958244946,0.0032148133028981982,0.005124560512364057,0.016014251601137675,2.6587661477102436,15.184,47.45
1.148471547840289,0.0031920237405097607,0.005030841024005288,0.01572137820001653,2.7674325161042757,15.184,47.45
1.169866413101307,0.0031690543887257436,0.004938835505552238,0.015433860954850746,2.87628912385853,15.184,47.45
1.1916598430985588,0.003145908399877696,0.004848512611412981,0.01515160191066557,2.9853049224074217,15.184,47.45
1.2138592626906277,0.0031225891063295826,0.004759841569253108,0.014874504903915961,3.094448390655295,15.184,47.45
1.236472235053715,0.003099100023372471,0.00467279216951182,0.01460247552972444,3.2036875763529076,15.184,47.45
1.2595064642583578,0.0030754448519923444,0.004587334755109763,0.014335421109718012,3.3129901408450855,15.184,47.45
1.2829697978941474,0.003051627481499527,0.004503440211345083,0.014073250660453385,3.4223234072972097,15.184,47.45
1.3068702297433463,0.003027651992007727,0.004421079955974254,0.013815874862419544,3.5316544125054845,15.184,47.45
1.3312159025043078,0.00300352265675044,0.0043402259294743365,0.013563206029607304,3.6409499623928,15.184,47.45
1.3560151105656333,0.0029792439442220694,0.004260850585483298,0.013315158079635308,3.7501766912882712,15.184,47.45
1.3812763028320094,0.0029548205201307795,0.004182926881415173,0.013071646504422418,3.8593011250840297,15.184,47.45
1.407008085602685,0.0029302572491498283,0.004106428269246865,0.012832588341396452,3.968289748357785,15.184,47.45
1.4332192255035738,0.0029055591964538066,0.004031328686473422,0.012597902145229444,4.0771090755439054,15.184,47.45
1.4599186524739787,0.002880731629025938,0.003957602547228747,0.012367507960089836,4.185725726229092,15.184,47.45
1.4871154628089538,0.0028557800167223744,0.003885224733568677,0.012141327292402117,4.2941065046414675,15.184,47.45
1.5148189222583457,0.0028307100330791663,0.0038141705869134917,0.011919283084104662,4.402218483393636,15.184,47.45
1.5430384691835646,0.002805527555847441,0.003744415899646916,0.011701299686396615,4.51002909153133,15.184,47.45
1.5717837177731628,0.002780238667242137,0.003675936906868771,0.011487302833964909,4.617506206929276,15.184,47.45
1.6010644613183178,0.0027548496538895447,0.0036087102782984453,0.011277219619682644,4.724618253065098,15.184,47.45
1.6308906755493326,0.002729367006458805,0.0035427131103264475,0.01107097846977015,4.831334300190314,15.184,47.45
1.661272522034293,0.0027037974189625157,0.0034779229182113135,0.010868509119410357,4.937624170904694,15.184,47.45
1.6922203516410372,0.002678147787711572,0.0034143176284192277,0.010669742588810087,5.043458550126551,15.184,47.45
1.72374470806362,0.0026524252099094565,0.0033518755711037292,0.010474611159699157,5.148809099436746,15.184,47.45
1.7558563314144688,0.0026266369818713077,0.0032905754727229654,0.010283048352259266,5.253648575758421,15.184,47.45
1.7885661618834618,0.00260079059685325,0.0032303964487919467,0.010094988902474834,5.357950954317622,15.184,47.45
1.8218853434651652,0.002574893742477729,0.003171317996767369,0.00991036873989803,5.461691555812099,15.184,47.45
1.855825227755517,0.002548954297740878,0.003113319989062532,0.009729124965820414,5.564847177696774,15.184,47.45
1.8903973778192196,0.0025229803295883334,0.0030563826661900457,0.009551195831843894,5.667396229474077,15.184,47.45
1.9256135721291967,0.00249698008904632,0.003000486630029903,0.00937652071884345,5.769318871856822,15.184,47.45
1.9614858085794293,0.0024709620068953824,0.0029456128372206927,0.009205040116314666,5.870597159648821,15.184,47.45
1.9980263085725487,0.0024449346888747027,0.0028917425926716644,0.009036695602098953,5.971215188165738,15.184,47.45
2.035247521183576,0.002418906910405659,0.002838857543193456,0.008871429822479552,6.071159242994598,15.184,47.45
2.073162127401229,0.0023928876108240084,0.0027869396712452946,0.008709186472641546,6.17041795286552,15.184,47.45
2.1117830444482424,0.0023668858871109437,0.0027359712887965585,0.008549910277489246,6.2689824453835445,15.184,47.45
2.151123430182165,0.002340910987114237,0.0026859350313005953,0.00839354697281436,6.3668465053418295,15.184,47.45
2.1911966875781475,0.0023149723022516952,0.0026368138517787517,0.0082400432868086,6.4640067353104005,15.184,47.45
2.2320164692952322,0.0022890793596903143,0.002588591015012597,0.008089346921914365,6.560462718166541,15.184,47.45
2.273596682327715,0.0022632418139957302,0.002541250091842354,0.007941406537007357,6.656217181204704,15.184,47.45
2.315951492743152,0.002237469438247938,0.002494774953569615,0.007796171729905047,6.751276161434852,15.184,47.45
2.3590953305086337,0.0022117721146206423,0.002449149766462408,0.007653593020195027,6.845649171649008,15.184,47.45
2.4030428944069673,0.0021861598244232007,0.002404358986360766,0.007513621832377395,6.939349366806515,15.184,47.45
2.44780915704444,0.0021606426376057147,0.002360387353380949,0.007376210479315467,7.032393710259084,15.184,47.45
2.493409369951878,0.0021352307017296025,0.002317219886716511,0.007241312145989097,7.124803139307583,15.184,47.45
2.539859068780724,0.002109934230407851,0.0022748418795344567,0.007108880873545178,7.216602729553575,15.184,47.45
2.5871740785959214,0.002084763491221043,0.002233238893964731,0.006978871543639785,7.307821857480291,15.184,47.45
2.635370519267393,0.0020597287931173732,0.002192396756181344,0.006851239863066702,7.398494360670003,15.184,47.45
2.6844648109619627,0.002034840473306975,0.0021523015515734563,0.006725942348667052,7.488658695038158,15.184,47.45
2.73447367973758,0.002010108883663115,0.0021129396200047735,0.006602936312514919,7.578358088438975,15.184,47.45
2.785414163241766,0.0019855443766451614,0.0020742975511596415,0.0064821798473738805,7.667640689973105,15.184,47.45
2.8373036165162113,0.001961157290760635,0.0020363621799742507,0.006363631812419534,7.756559714305642,15.184,47.45
2.8901597179095084,0.0019369579355861194,0.0019991205821513988,0.0062472518192231204,7.845173580282077,15.184,47.45
2.944000475100034,0.0019129565763693827,0.0019625600697572767,0.006133000217991489,7.933546043111674,15.184,47.45
2.9988442312310277,0.001889163418237659,0.0019266681868987893,0.006020838084058717,8.021746319371973,15.184,47.45
3.054709671159968,0.0018655885900397213,0.0018914327054799208,0.005910727204624753,8.109849204075266,15.184,47.45
3.1116158278243597,0.001842242127852052,0.0018568416210357165,0.0058026300657366145,8.19793517902797,15.184,47.45
3.169582088726115,0.0018191339581821904,0.001822883148642451,0.00569650983950766,8.286090511707787,15.184,47.45
3.22862820253673,0.001796273880905039,0.0017895457189025924,0.005592330371570602,8.374407343880655,15.184,47.45
3.28877428582551,0.0017736715519707086,0.0017568179740031953,0.005490056168759985,8.462983769181278,15.184,47.45
3.350040829913133,0.0017513364659251813,0.0017246887638463786,0.0053896523870199334,8.551923898886754,15.184,47.45
3.4124487078528896,0.0017292779382878122,0.0016931471422505723,0.005291084819533039,8.641337915123565,15.184,47.45
3.4760191815419774,0.0017075050878323276,0.0016621823632212323,0.005194319885066351,8.731342110763592,15.184,47.45
3.54077390896527,0.0016860268188206048,0.0016317838772897627,0.005099324616530509,8.82205891528593,15.184,47.45
3.606734951574028,0.001664851803241019,0.0016019413279193904,0.005006066649748096,8.913616905907451,15.184,47.45
3.673924781802074,0.0016439884631055653,0.00157264454797677,0.004914514212427407,9.006150803317436,15.184,47.45
3.742366290721981,0.0016234449528622593,0.0015438835562681182,0.00482463611333787,9.099801451389744,15.184,47.45
3.812082795843888,0.0016032291419814661,0.0015156485541386938,0.004736401731683418,9.19471578029048,15.184,47.45
3.883098049059605,0.0015833485977767895,0.0014879299221344717,0.004649781006670224,9.291046752449848,15.184,47.45
3.9554362447347016,0.001563810568522944,0.001460718216724867,0.004564744427265209,9.38895329092434,15.184,47.45
4.029122027951348,0.0015446219669346135,0.0014340041670853915,0.00448126302214185,9.488600189739198,15.184,47.45
4.104180502904709,0.001525789354071652,0.0014077786719391581,0.00439930834980987,9.590158005871729,15.184,47.45
4.1806372414557575,0.001507318923737052,0.0013820327964561387,0.004318852488925434,9.69380293261307,15.184,47.45
4.258518291843415,0.0014892164874349214,0.0013567577692091375,0.004239868028778555,9.799716654129849,15.184,47.45
4.337850187558989,0.001471487459956212,0.0013319449791854314,0.0041623280599544735,9.908086181137092,15.184,47.45
4.418659956385941,0.0014541368456600992,0.0013075859728530616,0.004086206165165818,10.019103667690134,15.184,47.45
4.5009751296080465,0.0014371692255187544,0.001283672451280778,0.004011476410252431,10.132966209205469,15.184,47.45
4.584823751389096,0.0014205887449926968,0.0012601962673106561,0.003938113335345801,10.249875621928172,15.184,47.45
4.67023438832733,0.0014043991028029853,0.0012371494227824227,0.0038660919461950714,10.370038204176737,15.184,47.45
4.757236139187885,0.001388603540665162,0.0012145240658085368,0.003795387705651678,10.493664479813448,15.184,47.45
4.845858644816491,0.00137320483404814,0.0011923124880991196,0.0037259765253097486,10.62096892451046,15.184,47.45
4.936132098237912,0.0013582052840189816,0.001170507122335789,0.0036578347572993404,10.75216967550672,15.184,47.45
5.028087254942475,0.0013436067102319358,0.0011491005395935358,0.0035909391862297994,10.887488225678622,15.184,47.45
5.121755443364236,0.0013294104451169893,0.0011280854468097429,0.0035252670212804474,11.027149102877162,15.184,47.45
5.217168575554344,0.0013156173293196502,0.0011074546842994941,0.0034607958884359195,11.171379535614617,15.184,47.45
5.314359158053236,0.0013022277084396886,0.001087201223316322,0.0033975038228635066,11.320409106314642,15.184,47.45
5.413360302965375,0.001289241431112104,0.0010673181636575676,0.003335369261429899,11.474469393468757,15.184,47.45
5.514205739240296,0.0012766578484686725,0.0010477987313135318,0.003274371035354787,11.633793604169535,15.184,47.45
5.616929824163804,0.0012644758150131042,0.0010286362761596224,0.0032144883629988204,11.798616198614305,15.184,47.45
5.721567555063246,0.0012526936909370444,0.0010098242696907052,0.003155700842783454,11.96917250829227,15.184,47.45
5.82815458123084,0.001241309345897995,0.0009913563027968927,0.00309798844624029,12.14569834968071,15.184,47.45
5.93672721606912,0.001230320164273665,0.0009732260835800053,0.0030413315111875168,12.328429635381676,15.184,47.45
6.0473224494626425,0.00122500205,0.0009554274352099719,0.0029857107350311626,12.60149774090005,15.184,47.45
6.1599779603801625,0.00122500205,0.0009379542938204283,0.002931107168188839,12.96417023411712,15.184,47.45
6.274732129711575,0.00122500205,0.0009208007064428039,0.0028775022076337623,13.333598949672348,15.184,47.45
6.391624053343999,0.00122500205,0.0009039608289781896,0.0028248775905568425,13.70990974916576,15.184,47.45
6.5106935554814545,0.00122500205,0.000887428924206297,0.002773215388144678,14.093230838871905,15.184,47.45
6.6319812022126685,0.00122500205,0.0008711993598308304,0.0027224979994713455,14.483692813418772,15.184,47.45
6.75552831533164,0.00122500205,0.0008552666065606058,0.0026727081455018933,14.881428700280393,15.184,47.45
6.881376986415663,0.00122500205,0.0008396252362257626,0.0026238288632055083,15.286574005098318,15.184,47.45
7.009570091165618,0.00122500205,0.0008242699199284266,0.002575843499776333,15.699266757847383,15.184,47.45
7.140151304013395,0.00122500205,0.0008091954262271945,0.002528735706959983,16.119647559861463,15.184,47.45
7.273165113001454,0.00122500205,0.0007943966193548207,0.002482489435483815,16.547859631735314,15.184,47.45
7.40865683493956,0.00122500205,0.0007798684574685004,0.002437088929589064,16.984048862118758,15.184,47.45
7.5466726308438865,0.00122500205,0.0007656059909321512,0.002392518721662972,17.428363857419853,15.184,47.45
7.687259521663728,0.00122500205,0.0007516043606301081,0.002348763626969088,17.880955992433993,15.184,47.45
7.830465404301183,0.00122500205,0.0007378587963116613,0.0023058087384739416,18.341979461916118,15.184,47.45
7.976339067929273,0.00122500205,0.0007243646149658654,0.0022636394217683295,18.8115913331138,15.184,47.45
8.124930210614048,0.00122500205,0.0007111172192260735,0.0022222413100814803,19.289951599278822,15.184,47.45
8.276289456246344,0.00122500205,0.000698112095803649,0.0021816002993864034,19.777223234175672,15.184,47.45
8.430468371788967,0.00122500205,0.0006853448139503213,0.002141702543594754,20.27357224760553,15.184,47.45
8.58751948484517,0.00122500205,0.0006728110239486634,0.0021025344498395732,20.779167741964528,15.184,47.45
8.747496301554415,0.00122500205,0.0006605064556301758,0.002064082673844299,21.2941819698557,15.184,47.45
8.910453324821512,0.00122500205,0.0006484269169204714,0.002026334115376474,21.818790392774133,15.184,47.45
9.076446072885357,0.00122500205,0.0006365682924110682,0.0019892759137845883,22.353171740885404,15.184,47.45
9.24553109823357,0.00122500205,0.0006249265419572994,0.0019528954436165609,22.897508073917574,15.184,47.45
9.417766006869519,0.00122500205,0.0006134976993018666,0.0019171803103183336,23.45198484318763,15.184,47.45
9.593209477938242,0.00122500205,0.0006022778707235662,0.0018821183460111443,24.01679095478332,15.184,47.45
9.771921283717997,0.00122500205,0.0005912632337107265,0.0018476976053460206,24.592118833922076,15.184,47.45
9.953962309984234,0.00122500205,0.0005804500356589083,0.0018139063614340885,25.17816449050879,15.184,47.45
10.139394576752917,0.00122500205,0.0005698345925924186,0.0017807331018513085,25.77512758591501,15.184,47.45
10.328281259410286,0.00122500205,0.0005594132879092094,0.0017481665247162793,26.383211501001988,15.184,47.45
10.520686710236228,0.00122500205,0.0005491825711487273,0.001716195534839773,27.00262340541108,15.184,47.45
10.716676480328633,0.00122500205,0.0005391389567822988,0.001684809239944684,27.633574328144846,15.184,47.45
10.916317341936148,0.00122500205,0.0005292790230256365,0.0016539969469551142,28.27627922946309,15.184,47.45
11.11967731120699,0.00122500205,0.0005195994106730625,0.0016237481583533206,28.93095707411821,15.184,47.45
11.326825671361538,0.00122500205,0.0005100968219530531,0.001594052568603291,29.597830905954822,15.184,47.45
11.537832996296608,0.00122500205,0.0005007680194047112,0.0015649000606397228,30.277127923899158,15.184,47.45
11.752771174629451,0.00122500205,0.0004916098247747891,0.0015362807024212161,30.969079559364022,15.184,47.45
11.971713434189656,0.00122500205,0.0004826191179348811,0.0015081847435465033,31.673921555095717,15.184,47.45
12.19473436696737,0.00122500205,0.0004737928358184169,0.001480602611932553,32.391894045489984,15.184,47.45
12.42190995452616,0.00122500205,0.0004651279713771016,0.0014535249105534424,33.12324163840376,15.184,47.45
12.653317593889417,0.00122500205,0.00045662157255643384,0.001426942414238856,33.86821349849141,15.184,47.45
12.889036123908916,0.00122500205,0.00044827074128996427,0.0014008460665311383,34.627063432093195,15.184,47.45
13.12914585212464,0.00122500205,0.00044007263251194523,0.0013752269765998292,35.40004997370522,15.184,47.45
13.373728582124949,0.00122500205,0.00043202445318803884,0.0013500764162126216,36.18743647406021,15.184,47.45
13.622867641416454,0.00122500205,0.00042412346136375047,0.0013253858167617202,36.98949118984912,15.184,47.45
13.876647909813071,0.00122500205,0.00041636696523026566,0.0013011467663445804,37.806487375114166,15.184,47.45
14.135155848353943,0.00122500205,0.0004087523222073712,0.001277351006898035,38.638703374344466,15.184,47.45
14.398479528760065,0.00122500205,0.0004012769380431473,0.0012539904313848354,39.4864227173059,15.184,47.45
14.666708663439671,0.00122500205,0.0003939382659301259,0.0012310570810316434,40.34993421563759,15.184,47.45
14.939934636052563,0.00122500205,0.0003867338056376119,0.0012085431426175372,41.229532061247866,15.184,47.45
15.218250532643856,0.00122500205,0.0003796611026598738,0.0011864409458121057,42.12551592654328,15.184,47.45
15.501751173357688,0.00122500205,0.00037271774737991154,0.0011647429605622236,43.038191066524675,15.184,47.45
15.790533144741742,0.00122500205,0.0003659013742485181,0.0011434417945266192,43.96786842278536,15.184,47.45
16.08469483265355,0.00122500205,0.0003592096609783549,0.001122530190557359,44.91486472944652,15.184,47.45
16.38433645577983,0.00122500205,0.0003526403277527651,0.0011020010242273912,45.87950262106622,15.184,47.45
16.68956009978023,0.00122500205,0.0003461911364490583,0.0010818473014033074,46.86211074255858,15.184,47.45
17.000469752067165,0.00122500205,0.0003398598898759978,0.001062062155862493,47.86302386116056,15.184,47.45
17.31717133723353,0.00122500205,0.0003336444310252344,0.0010426388469538573,48.882582980484756,15.184,47.45
17.639772753140434,0.00122500205,0.00032754264233642987,0.0010235707573013433,49.921135456696724,15.184,47.45
17.968383907677193,0.00122500205,0.0003215524449758198,0.0010048513905494372,50.97903511685665,15.184,47.45
18.303116756206112,0.00122500205,0.0003156717981279709,0.000986474369149909,52.05664237946556,15.184,47.45
18.64408533970485,0.00122500205,0.00030989869830048977,0.0009684334321890305,53.15432437725718,15.184,47.45
18.991405823619335,0.00122500205,0.0003042311786414484,0.0009507224332545263,54.27245508227747,15.184,47.45
19.345196537440444,0.00122500205,0.0002986673082692926,0.0009333353383415396,55.41141543329385,15.184,47.45
19.705578015017984,0.00122500205,0.000293205191615005,0.0009162662237968906,56.571593465578395,15.184,47.45
20.072673035625684,0.00122500205,0.0002878429677762984,0.0008995092743009326,57.75338444310847,15.184,47.45
20.44660666579116,0.00122500205,0.000282578809883621,0.0008830587808863156,58.95719099323023,15.184,47.45
20.827506301905142,0.00122500205,0.00027741092447775516,0.000866909138992985,60.18342324383069,15.184,47.45
21.2155017136245,0.00122500205,0.0002723375508987994,0.0008510548465587481,61.43249896306528,15.184,47.45
21.610725088083765,0.00122500205,0.0002673569606863245,0.0008354905021447641,62.704843701688404,15.184,47.45
22.0133110749303,0.00122500205,0.00026246745699050057,0.0008202108030953142,64.0008909380352,15.184,47.45
22.42339683219845,0.00122500205,0.0002576673739939922,0.0008052105437312256,65.32108222570457,15.184,47.45
22.841122073038232,0.00122500205,0.0002529550763444276,0.0007904846135763365,66.66586734399304,15.184,47.45
23.26662911331458,0.00122500205,0.00024832895859724615,0.0007760279956163943,68.0357044511313,15.184,47.45
23.70006292009328,0.00122500205,0.00024378744466873497,0.0007618357645897967,69.43106024037527,15.184,47.45
24.14157116103018,0.00122500205,0.00023932898729906964,0.0007479030853095927,70.85241009900494,15.184,47.45
24.591304254680438,0.00122500205,0.000234952067525174,0.0007342252110161689,72.30023827028529,15.184,47.45
25.049415421745024,0.00122500205,0.00023065519416322084,0.0007207974817600652,73.77503801844442,15.184,47.45
25.51606073727184,0.00122500205,0.00022643690330059678,0.000707615322814365,75.27731179672485,15.184,47.45
25.99139918382933,0.00122500205,0.00022229575779715813,0.0006946742431161192,76.80757141856573,15.184,47.45
26.475592705670667,0.00122500205,0.00021823034679560794,0.0006819698337362748,78.36633823197373,15.184,47.45
26.968806263906927,0.00122500205,0.00021423928524082775,0.0006694977663775867,79.95414329714242,15.184,47.45
27.471207892708115,0.00122500205,0.00021032121340799925,0.0006572537918999977,81.57152756738064,15.184,47.45
27.98296875655116,0.00122500205,0.00020647479643935666,0.0006452337388729896,83.21904207341102,15.184,47.45
28.504263208534347,0.00122500205,0.00020269872388941024,0.000633433512154407,84.89724811110223,15.184,47.45
29.035268849778138,0.00122500205,0.0001989917092784876,0.0006218490914952738,86.60671743269816,15.184,47.45
29.576166589932537,0.00122500205,0.0001953524896544396,0.0006104765301701237,88.3480324416097,15.184,47.45
30.12714070881164,0.00122500205,0.0001917798251623621,0.0005993119536323816,90.12178639083517,15.184,47.45
30.688378919176422,0.00122500205,0.00018827249862218642,0.0005883515581943326,91.92858358507725,15.184,47.45
31.260072430687003,0.00122500205,0.0001848293151139957,0.0005775916097312365,93.7690395866249,15.184,47.45
31.8424160150465,0.00122500205,0.00018144910157092363,0.0005670284424091364,95.64378142507123,15.184,47.45
32.43560807235808,0.00122500205,0.00017813070637950063,0.0005566584574359395,97.55344781093729,15.184,47.45
33.039850698718546,0.00122500205,0.00017487299898730685,0.000546478121835334,99.49868935327629,15.184,47.45
33.65534975507091,0.00122500205,0.0001716748695178017,0.0005364839672431304,101.48016878133106,15.184,47.45
34.28231493733967,0.00122500205,0.00016853522839219728,0.0005266725887256165,103.49856117032111,15.184,47.45
34.92095984787268,0.00122500205,0.00016545300595824684,0.0005170406436195214,105.5545541714356,15.184,47.45
35.571502068213825,0.00122500205,0.00016242715212582253,0.0005075848503931955,107.648848246111,15.184,47.45
36.23416323323146,0.00122500205,0.00015945663600915725,0.0004983019875286164,109.78215690467306,15.184,47.45
36.90916910662774,0.00122500205,0.00015654044557562982,0.0004891888924238433,111.95520694942435,15.184,47.45
37.59674965785464,0.00122500205,0.00015367758730097284,0.00048024246031554027,114.16873872226054,15.184,47.45
38.29713914046277,0.00122500205,0.0001508670858307867,0.00047145964322120853,116.4235063568992,15.184,47.45
39.0105761719099,0.00122500205,0.0001481079836482432,0.00046283744890076006,118.72027803580761,15.184,47.45
39.73730381485604,0.00122500205,0.0001453993407478672,0.00045437293983708503,121.05983625191664,15.184,47.45
40.47756965997318,0.00122500205,0.00014274023431528338,0.00044606323223526066,123.44297807521045,15.184,47.45
41.23162591029748,0.00122500205,0.00014012975841282054,0.00043790549504006416,125.8705154242821,15.184,47.45
41.99972946715302,0.00122500205,0.0001375670236708653,0.000429896948971454,128.34327534294823,15.184,47.45
42.78214201767613,0.00122500205,0.00013505115698486054,0.0004220348655776893,130.86210028201666,15.184,47.45
43.57913012397025,0.00122500205,0.00013258130121784534,0.00041431656630576673,133.42784838630305,15.184,47.45
44.39096531392166,0.00122500205,0.00013015661490843453,0.000406739421588858,136.04139378699455,15.184,47.45
45.217924173706976,0.00122500205,0.00012777627198413947,0.00039930084995043594,138.70362689945958,15.184,47.45
46.06028844202398,0.00122500205,0.00012543946147993099,0.00039199831712478434,141.41545472660576,15.184,47.45
46.91834510607794,0.00122500205,0.00012314538726194984,0.00038482933519359326,144.17780116788916,15.184,47.45
47.79238649935595,0.00122500205,0.00012089326775626991,0.00037779146173834346,146.99160733407965,15.184,47.45
48.68271040122279,0.00122500205,0.00011868233568262159,0.0003708822990081925,149.85783186789058,15.184,47.45
49.58962013837212,0.00122500205,0.00011651183779298545,0.0003640994931030796,152.7774512705809,15.184,47.45
50.51342468816761,0.00122500205,0.00011438103461496599,0.0003574407331717688,155.75146023464214,15.184,47.45
51.45443878390925,0.00122500205,0.00011228920019985905,0.00035090375062455954,158.78087198268253,15.184,47.45
52.412983022060565,0.00122500205,0.00011023562187532653,0.0003444863183603954,161.86671861262434,15.184,47.45
53.3893839714735,0.00122500205,0.00010821960000259423,0.00033818625000810697,165.01005144933185,15.184,47.45
54.38397428464796,0.00122500205,0.00010624044773809009,0.0003320013991815316,168.21194140279027,15.184,47.45
55.397092811064006,0.00122500205,0.00010429749079944191,0.000325929658748256,171.47347933295617,15.184,47.45
56.42908471262537,0.00122500205,0.00010239006723575413,0.0003199689601117317,174.79577642140583,15.184,47.45
57.480301581253514,0.00122500205,0.00010051752720208636,0.0003141172725065199,178.17996454990617,15.184,47.45
58.55110155867238,0.00122500205,9.867923273805587e-05,0.00030837260230642463,181.62719668603856,15.184,47.45
59.641849458424595,0.00122500205,9.687455755048937e-05,0.00030273299234527936,185.13864727600605,15.184,47.45
60.75291689016071,0.00122500205,9.510288680004962e-05,0.00029719652125015513,188.71551264475883,15.184,47.45
61.88468238624383,0.00122500205,9.336361689176421e-05,0.0002917613027867632,192.35901140357265,15.184,47.45
63.03753153071275,0.00122500205,9.165615526938529e-05,0.000286425485216829,196.07038486522092,15.184,47.45
64.21185709064758,0.00122500205,8.997992021351002e-05,0.0002811872506672188,199.85089746688067,15.184,47.45
65.40805914998252,0.00122500205,8.833434064339336e-05,0.00027604481451060423,203.7018372009166,15.184,47.45
66.6265452458115,0.00122500205,8.671885592238476e-05,0.00027099642475745243,207.62451605369083,15.184,47.45
67.86773050723295,0.00122500205,8.513291566692385e-05,0.00026604036145913703,211.62027045254638,15.184,47.45
69.13203779678128,0.00122500205,8.357597955902851e-05,0.0002611749361219641,215.6904617211184,15.184,47.45
70.41989785449289,0.00122500205,8.204751716221279e-05,0.00025639849113191505,219.83647654312668,15.184,47.45
71.73174944465613,0.00122500205,8.054700774077121e-05,0.00025170939918991005,224.05972743480845,15.184,47.45
73.06803950529499,0.00122500205,7.907394008236778e-05,0.00024710606275739935,228.36165322615219,15.184,47.45
74.42922330043758,0.00122500205,7.762781232386995e-05,0.0002425869135120936,232.74371955109635,15.184,47.45
75.8157645752211,0.00122500205,7.620813178036764e-05,0.00023815041181364887,237.20741934685935,15.184,47.45
77.22813571388642,0.00122500205,7.481441477731896e-05,0.00023379504617912172,241.75427336257295,15.184,47.45
78.66681790071581,0.00122500205,7.344618648576611e-05,0.0002295193327680191,246.3858306773892,15.184,47.45
80.13230128396879,0.00122500205,7.210298076056473e-05,0.0002253218148767648,251.10366922824065,15.184,47.45
81.6250851428722,0.00122500205,7.078433998157141e-05,0.00022120106244241064,255.90939634743214,15.184,47.45
83.14567805772056,0.00122500205,6.948981489773632e-05,0.000217155671555426,260.80464931024574,15.184,47.45
84.69459808314576,0.00122500205,6.821896447404662e-05,0.00021318426398139569,265.7910958927489,15.184,47.45
86.27237292461442,0.00122500205,6.697135574126901e-05,0.00020928548669146572,270.8704349399931,15.184,47.45
87.8795401182131,0.00122500205,6.57465636484405e-05,0.00020545801140137656,276.0443969447978,15.184,47.45
89.51664721378292,0.00122500205,6.454417091805657e-05,0.00020170053411892682,281.31474463731655,15.184,47.45
91.18425196146562,0.00122500205,6.336376790390802e-05,0.0001980117746997126,286.6832735855853,15.184,47.45
92.88292250172489,0.00122500205,6.220495245151745e-05,0.00019439047641099208,292.15181280725966,15.184,47.45
94.6132375589076,0.00122500205,6.106732976112826e-05,0.00019083540550352587,297.7222253927473,15.184,47.45
96.37578663841079,0.00122500205,5.99505122531994e-05,0.00018734535079124816,303.3964091399488,15.184,47.45
98.17117022752183,0.00122500205,5.8854119436359785e-05,0.00018391912323862433,309.17629720082357,15.184,47.45
100.0,0.00122500205,5.7777777777777776e-05,0.00018055555555555557,315.06385874,15.184,47.45
